emisor,termino_consulta,idioma,fuente,titulo,autor,descripcion,url,url_imagen,contenido,fecha_publicacion,fecha_consulta_desde,fecha_consulta_hasta
Banco Popular,Banco Popular,es,Movilzona.es,Así puedes borrar tu cuenta de Bizum en 5 pasos,Ricardo Fernández,"Bizum se ha convertido en uno de los servicios más utilizados en España para enviar y recibir dinero de forma inmediata e incluso ya se puede usar en Amazon . Su sencillez, puesto que solo necesitas el número de móvil del destinatario, lo ha hecho muy popular…",https://www.movilzona.es/noticias/aplicaciones/borrar-cuenta-bizum/,https://www.movilzona.es/app/uploads-movilzona.es/2025/04/Bizum-logo-con-fondo-oscuro-y-chica-con-movil.jpg,"La cosa está en que no vas a encontrar una aplicación de Bizum desde la que gestionar tu cuenta y estado, ya que se trata de un servicio que está integrado dentro de la propia aplicación de tu banco.… [+2572 chars]",2025-08-24T15:36:08,2025-07-27,2025-08-25
ISA,ISA,es,Mundodeportivo.com,"""Somos el mejor grupo de Europa"": las cadetes regresan con un oro histórico",User Admin,"Con la medalla de oro colgada al cuello y el trofeo de campeonas de Europa en las manos, la Selección Española Femenina Sub-16 de baloncesto ha aterrizado este domingo en Madrid. La expedición regresa de Rumanía, donde el sábado se coronó en lo más alto del p…",https://www.mundodeportivo.com/baloncesto/basket-feb/20250824/1002519677/mejor-grupo-europa-cadetes-regresan-oro-historico.html,https://www.mundodeportivo.com/files/og_thumbnail/uploads/2025/08/24/68ab2c2672c86.jpeg,"Con la medalla de oro colgada al cuello y el trofeo de campeonas de Europa en las manos, la Selección Española Femenina Sub-16 de baloncesto ha aterrizado este domingo en Madrid. La expedición regres… [+2336 chars]",2025-08-24T15:14:09,2025-07-27,2025-08-25
Banco Popular,Banco Popular,es,La Nacion,Hernán Lacunza: “El Gobierno elige el rincón de la estabilidad y los daños colaterales se ven más adelante”,Esteban Lafuente,"Es economista graduado en la UBA; completó un posgrado en la Universidad Torcuato Di Tella (UTDT); fue gerente general y economista jefe del Banco Central (2005-2010), ministro de Economía de la provincia de Buenos Aires (2015-2019) y ministro de Economía de …",https://www.lanacion.com.ar/economia/dolar/hernan-lacunza-el-gobierno-elige-el-rincon-de-la-estabilidad-y-los-danos-colaterales-se-ven-mas-nid31082025/,https://resizer.glanacion.com/resizer/v2/hernan-lacunza-economista-y-exministro-de-DKHLQ7WYP5HLXABBRC3GWESGOQ.JPG?auth=ab5a6ebd8c66b8abb4e8154774d3ef04a553085c52dfb558ac0bff2048d44f04&width=1200&quality=70&smart=false&height=800,"Sacar al dólar de las pantallas, con el costo de menor actividad y empleo hacia adelante. Así sintetiza el exministro Hernán Lacunza al dilema y las consecuencias del esquema monetario y cambiario qu… [+14230 chars]",2025-08-24T14:59:57,2025-07-27,2025-08-25
Banco Popular,Banco Popular,es,Nacion.com,14 alcaldes de 8 partidos: chavismo pesca en los municipios. ¿Un golpe en la mesa o un espejismo?,Roger Bolaños Vargas,"14 alcaldes se han separados de los partidos que los llevaron al poder para apoyar el continuismo. Pero, ¿qué significa ese “chavismo” para sus cantones y por qué corren para sumarse?",https://www.nacion.com/revista-dominical/14-alcaldes-de-8-partidos-chavismo-pesca-en-los/VVAFZZUW6NFH3EZOX2NJH2OJJM/story/,https://www.nacion.com/resizer/v2/VLIZTEUFVNEARABSGMA453EN54.jpg?smart=true&auth=076e63c0ebf69ea85d2d80a7a2520e59d30543098cb9ba30a8783b9f3c5f0d41&width=1440,"La desbandada ha provocado un debate inusual en la pretemporada electoral, pero la pregunta sigue en el aire con respecto alo que subyace a estas separaciones. Más allá del gesto de los alcaldes que,… [+22698 chars]",2025-08-24T14:59:25,2025-07-27,2025-08-25
BBVA,BBVA,es,El Financiero,¿Se perdió tu pago por SPEI? Así puedes rastrear y recuperar una transferencia bancaria,Redacción,"¿Tu transferencia por SPEI no llegó? Banxico detalla por qué una transferencia puede tardar o fallar. Te explicamos cómo rastrear tu pago, qué significan los distintos estados y cómo reportar ante tu banco o la Condusef.",https://www.elfinanciero.com.mx/mis-finanzas/2025/08/24/se-perdio-tu-pago-por-spei-asi-puedes-rastrear-y-recuperar-una-transferencia-bancaria/,https://www.elfinanciero.com.mx/resizer/v2/SX43ZYON65ELPHGK7AOD52466E.jpeg?smart=true&auth=dc35873e11b55565aee19e3e44ce546b6ac2bb8ef71a3ffac1ace259747d13a4&width=1200&height=630,"Al final ser adulto es cobrar la quincena, prepararse un café y empezar a transferir. Así lo explica un meme que cobra popularidad cada 15 días. Sin embargo, ¿te has preguntado qué hacer si una trans… [+5437 chars]",2025-08-24T14:30:00,2025-07-27,2025-08-25
MINEROS,MINEROS,es,Criptonoticias.com,Tarifas diarias en Bitcoin caen a niveles ancestrales,Franco Scandizzo,"El total de comisiones pagadas por transacciones en Bitcoin retrocedió a cifras comparables con las de 2011. 
Leer más",https://www.criptonoticias.com/mineria/tarifas-diarias-bitcoin-caen-niveles-ancestrales/,https://www.criptonoticias.com/wp-content/uploads/2025/08/Monedas-BTC.jpg,"<ul><li>El 23 de agosto se registraron apenas 3,5 BTC en tarifas.
</li><li>Algunos bloques minados incluyeron entre 200 y 300 dólares en comisiones. 
</li></ul>
El total acumulado de tarifas diari… [+1497 chars]",2025-08-24T13:33:13,2025-07-27,2025-08-25
BBVA,BBVA,es,Lavozdegalicia.es,Sabadell reparte 370 millones de euros entre sus accionistas el próximo viernes,https://www.facebook.com/lavozdegalicia,"Como consecuencia de este dividendo, BBVA tendrá que ajustar el precio de su opa",https://www.lavozdegalicia.es/noticia/economia/2025/08/24/sabadell-reparte-370-millones-euros-accionistas-proximo-viernes/00031756033632154257914.htm,https://img.lavdg.com/sc/KiUGJjeFHBgeihA6IEyw6ZtPDuY=/1280x/2025/08/24/00121756035302110936938/Foto/eup_20250806_161914833.jpg,"Banco Sabadell repartirá un dividendo de 0,07 euros por acción a cuenta de los resultados de 2025 este próximo viernes, 29 de agosto. En total, tiene previsto repartir unos 370,1 millones de euros en… [+2914 chars]",2025-08-24T11:35:01,2025-07-27,2025-08-25
Banco Popular,Banco Popular,es,Nacion.com,Víctimas de estafas bancarias están cerca de encontrar un alivio,Yeryis Salas,"Plan que le daría más responsabilidades a bancos cuyos clientes sufran estafas avanza en el Congreso, pero las entidades creen que debe ser más equilibrado.",https://www.nacion.com/sucesos/victimas-de-estafas-bancarias-estan-cerca-de/PQ36Q24RGJFXFFH35HSOC42ISU/story/,https://www.nacion.com/resizer/v2/XY7E4FOPYJCFJBGXYCO6HFAJLI.jpg?smart=true&auth=879f7f28c0e986ce5be5279922b307332df22373d4ca529f4e24951338d48ac8&width=1440,"Gabriela Peterson Lizano recibió una llamada de quien afirmaba ser funcionario de la Municipalidad de Heredia. 
Dado que ella tiene un terreno a su nombre en este cantón, confió en la persona cuando… [+5630 chars]",2025-08-24T11:15:00,2025-07-27,2025-08-25
ISA,ISA,es,Hola,"Isa Pantoja abre el álbum de su viaje con su hijo Cairo, de dos meses, a Marruecos: “Rodeado de familia y mucho cariño”",Patricia Granada,La pareja celebra los dos meses de su hijo Cairo con la familia paterna y un deseo muy especial,https://www.hola.com/actualidad/20250824851791/isa-pantoja-abre-el-album-de-su-viaje-con-su-hijo-cairo-de-dos-meses-a-marruecos-rodeado-de-familia-y-mucho-carino/,https://www.hola.com/horizon/landscape/ff1a6bdfd642-dos-meses-de-vida-y-ya-todo-un-viajeropasa-la-foto-para-leer-masss.jpg?im=Resize=(1200),"Han pasado apenas dos meses desde que Isa Pantoja y Asraf Beno se convirtieron en padres de su primer hijo en común, el pequeño Cairo, y ya han querido escribir con él la primera página de una vida l… [+5390 chars]",2025-08-24T10:09:43,2025-07-27,2025-08-25
ISA,ISA,es,Marca,España es el azote de Europa,JOSÉ LUIS MARTÍNEZ,"Ha cosechado este verano seis medallas (4 oros, 1 plata y 1 bronce) en los 9 campeonatos internacionales en los que ha participado&nbsp;  Leer",https://www.marca.com/baloncesto/eurobasket/2025/08/24/espana-azote-europa.html,https://e00-xlk-ue-marca.uecdn.es/files/article_main_microformat/uploads/2025/08/24/68aae3d40ca6e.jpeg,"Un verano más el baloncesto español está dejando huella con una cosecha de éxitos sin parangón en Europa. Es en este periodo estival, con la disputa de la mayoría de torneos internacionales de todas … [+5294 chars]",2025-08-24T09:59:40,2025-07-27,2025-08-25
BBVA,BBVA,es,Elperiodico.com,Banco Sabadell reparte 370 millones de euros entre sus accionistas el próximo viernes,Agencias,"Banco Sabadell repartirá un dividendo de 0,07 euros por acción a cuenta de los resultados de 2025 este próximo viernes, 29 de agosto. En total, tiene previsto repartir unos 370,1 millones de euros entre sus accionistas, lo que supone un 37% de los beneficios …",https://www.elperiodico.com/es/economia/20250824/banco-sabadell-reparte-370-millones-dividendos-accionistas-opa-bbva-120892845,https://estaticos-cdn.prensaiberica.es/clip/61a31a74-b0e6-4209-9828-e88f0ab4b9ca_16-9-discover-aspect-ratio_default_0.jpg,"Banco Sabadell repartirá un dividendo de 0,07 euros por acción a cuenta de los resultados de 2025 este próximo viernes, 29 de agosto. En total, tiene previsto repartir unos 370,1 millones de euros en… [+2826 chars]",2025-08-24T09:57:44,2025-07-27,2025-08-25
BBVA,BBVA,es,Expansion.com,Sabadell reparte 370 millones de euros entre sus accionistas el próximo viernes,Expansión,"En total, tiene previsto repartir unos 370,1 millones de euros entre sus accionistas, lo que supone un 37% de los beneficios cosechados hasta el primer semestre, de 975 millones de...",https://www.expansion.com/empresas/banca/2025/08/24/68aad735e5fdea65078b457e.html,https://phantom-expansion.uecdn.es/0deb5490f8136dc4d843fecbed2a6aff/crop/42x60/1946x1330/resize/1200/f/webp/assets/multimedia/imagenes/2025/08/24/17560269071495.jpg,"Banco Sabadell repartirá un dividendo de 0,07 euros por acción a cuenta de los resultados de 2025 este próximo viernes, 29 de agosto.En total, tiene previsto repartir unos 370,1 millones de euros ent… [+2711 chars]",2025-08-24T09:17:41,2025-07-27,2025-08-25
ISA,ISA,es,Excelsior.com.mx,Infancias quedan a la deriva tras un feminicidio,liliana.moscoso,"Ilian Cedeño
¿Cómo entender que mamá ya no está? ¿Cómo reponerse a su muerte, siendo niño, y comprender que alguien le arrebató la vida?

En México, cada día diez mujeres son víctimas de feminicidio, una problemática que ahonda una herida colectiva y que se…",https://www.excelsior.com.mx/nacional/infancias-quedan-a-la-deriva-tras-un-feminicidio/1735001,https://www.excelsior.com.mx/1200x630/filters:format(webp):quality(75)/media/pictures/2025/08/24/3366292.jpg,"¿Cómo entender que mamá ya no está? ¿Cómo reponerse a su muerte, siendo niño, y comprender que alguien le arrebató la vida?
En México, cada día diez mujeres son víctimas de feminicidio, una problemá… [+10550 chars]",2025-08-24T09:05:16,2025-07-27,2025-08-25
MINEROS,MINEROS,es,Jornada.com.mx,Exhibe el Museo de Arte Moderno un retrato artístico de los hermanos Revueltas,"DEMOS, Desarrollo de Medios, S.A. de C.V.","La historia y el legado de una de las estirpes artísticas más emblemáticas, creativas y transgresoras del siglo XX mexicano llega al Museo de Arte Moderno con la exposición Estética Revueltas: Una familia de vanguardia, que se presentará hasta febrero de 2026.",https://www.jornada.com.mx/2025/08/24/cultura/a02n1cul,https://www.jornada.com.mx/2025/08/24/fotos/a02n1cul-1.jpg,"Periódico La JornadaDomingo 24 de agosto de 2025, p. 2
La historia y el legado de una de las estirpes artísticas más emblemáticas, creativas y transgresoras del siglo XX mexicano llega al Museo de A… [+4667 chars]",2025-08-24T08:28:01,2025-07-27,2025-08-25
BBVA,BBVA,es,Jornada.com.mx,Monterrey es el nuevo líder; se impone por 3-0 al Necaxa,"DEMOS, Desarrollo de Medios, S.A. de C.V.","Con un gol olímpico de Sergio Canales y un penal de Sergio Ramos, Monterrey superó 3-0 al Necaxa y se apoderó del liderato general del torneo Apertura 2025 de la Liga Mx, ayer en duelo correspondiente a la jornada seis, efectuado en el estadio BBVA.",https://www.jornada.com.mx/2025/08/24/deportes/a11n1dep,https://www.jornada.com.mx/2025/08/24/fotos/a11n1dep-1.jpg,"Periódico La JornadaDomingo 24 de agosto de 2025, p. a11
Con un gol olímpico de Sergio Canales y un penal de Sergio Ramos, Monterrey superó 3-0 al Necaxa y se apoderó del liderato general del torneo… [+2970 chars]",2025-08-24T08:28:01,2025-07-27,2025-08-25
Banco Santander,Banco Santander,es,Milenio,¿Necesitas lana y no tienes historial? La IA ya evalúa si mereces un préstamo,José Ramón Huerta,"DOMINGA.– Hasta hace poco, el acceso al crédito estaba limitado a quienes tenían una chamba con ingresos fijos y un historial “limpio” en algúnburó de crédito,es decir, que no arrastraran alguna deuda o atraso. Esas exigencias dejaban fuera a millones de pers…",https://www.milenio.com/negocios/necesitas-lana-y-no-tienes-historial-la-ia-ya-evalua-dar-prestamos,https://cdn.milenio.com/uploads/media/2025/08/23/cuales-son-los-requisitos-que.jpg,"DOMINGA. Hasta hace poco, el acceso al crédito estaba limitado a quienes tenían una chamba con ingresos fijos y un historial limpio en algún buró de crédito, es decir, que no arrastraran alguna deuda… [+9543 chars]",2025-08-24T06:51:59,2025-07-27,2025-08-25
MINEROS,MINEROS,es,Latercera.com,“Por razones de fuerza mayor”: Suspenden show de Natalia Valdebenito en Rancagua a semanas de polémico chiste sobre tragedia en El Teniente,Roberto Martínez,"A inicios de mes se difundió un extracto de la rutina de la humorista, en el que señalaba: “Puedo decir que fui la única persona contenta de que pasara lo de los mineros”.",https://www.latercera.com/culto/noticia/por-razones-de-fuerza-mayor-suspenden-show-de-natalia-valdebenito-en-rancagua-a-semanas-de-polemico-chiste-sobre-tragedia-en-el-teniente/,https://www.latercera.com/resizer/v2/2PM5XV2NUNBIRFN655Q6M6TDQY.jpg?auth=5b09970573590bfda0e2a7918257c386f836bfff94780bde254c79ed04300e4a&height=630&width=1200&smart=true,"El Teatro Regional Lucho Gatica de Rancagua informó este sábado la suspensión del show Esto es un Secreto, de Natalia Valdebenito, que estaba agendado para el miércoles 4 de septiembre a las 20.00 ho… [+1968 chars]",2025-08-24T05:44:58,2025-07-27,2025-08-25
BBVA,BBVA,es,Record.com.mx,Luka Romero anotó su primer gol del torneo con Cruz Azul,@record_mexico,"El mediocampista mexicoargentino marcó el único gol del encuentro, con el que Cruz Azul venció a Toluca en el EOU",https://www.record.com.mx/futbol/liga-mx/cruz-azul/luka-romero-anoto-su-primer-gol-del-torneo-con-cruz-azul,https://www.record.com.mx/sites/default/files/articulos/2025/08/24/luka-romero-anoto-su-primer-gol-del-torneo-con-cruz-azul.jpg,"Este sábado, en el cierre de la jornada sabatina de la Liga MX, la Máquina Celeste de la Cruz Azul venció a los Diablos Rojos del Toluca con gol en solitario del mediocampista mexicoargentino Luka Ro… [+1023 chars]",2025-08-24T05:36:26,2025-07-27,2025-08-25
Banco Santander,Banco Santander,es,Milenio,Turismo sostenible en la Riviera Maya: el legado de Dolores López Lira y Grupo Lomas,Ángeles García,"María Dolores López Lira e Hinojo, empresaria con más de cinco décadas de trayectoria en la industria turística, vuelve a marcar un hito en su carrera, pues hace unos días Banco Santander México y Grupo Lomas anunciaron la formalización del mayor crédito bila…",https://www.milenio.com/negocios/dolores-lopez-lira-legado-turismo-riviera-maya,https://cdn.milenio.com/uploads/media/2025/08/22/dolores-lopez-lira-promoviendo-turismo.jpeg,"María Dolores López Lira e Hinojo, empresaria con más de cinco décadas de trayectoria en la industria turística, vuelve a marcar un hito en su carrera, pues hace unos días Banco Santander México y Gr… [+3918 chars]",2025-08-24T05:11:01,2025-07-27,2025-08-25
Banco Popular,Banco Popular,es,Www.abc.es,Sevilla tendrá mil plazas más de 'gran lujo' a partir de 2026,(abc),Sevilla contará con mil plazas más de hoteles de gran lujo a partir de 2026. Los establecimientos que abrirán sus puertas o comenzarán a construirse en los próximos meses harán que la oferta de la mayor categoría que existe se vea duplicada. Esto se debe a qu…,https://www.abc.es/sevilla/ciudad/sevilla-mil-plazas-gran-lujo-partir-2026-20250824151554-nts.html,https://s3.abcstatics.com/abc/www/multimedia/sevilla/2025/08/24/alfonos-xiii-U68210632611yBT-1024x512@diario_abc.jpg,Sevilla contará con mil plazas más de hoteles de gran lujo a partir de 2026. Los establecimientos que abrirán sus puertas o comenzarán a construirse en los próximos meses harán que la oferta de la ma… [+4215 chars],2025-08-24T05:01:56,2025-07-27,2025-08-25
ISA,ISA,es,Www.abc.es,La Celestina se vive entre bambalinas,(abc),"La mañana comienza con los nervios de la primera vez, y eso que muchos de ellos repiten la experiencia de adentrarse a través del teatro en el siglo XVI español de la mano de Fernando de Rojas, el escritor, o más bien, dramaturgo, nacido en La Puebla de Monta…",https://www.abc.es/espana/castilla-la-mancha/toledo/pueblos/celestina-vive-bambalinas-20250824070000-nt.html,https://s1.abcstatics.com/abc/www/multimedia/espana/2025/08/24/WhatsAppImage2025-08-23at16.32.44-U02605807808pQD-1024x512@diario_abc.jpg,"La mañana comienza con los nervios de la primera vez, y eso que muchos de ellos repiten la experiencia de adentrarse a través del teatro en el siglo XVI español de la mano de Fernando de Rojas, el es… [+4108 chars]",2025-08-24T05:00:01,2025-07-27,2025-08-25
BBVA,BBVA,es,Record.com.mx,Liga MX: Nahuel Guzmán se equivoca en el segundo gol de Mazatlán,@record_mexico,"El arquero argentino tuvo una gran colaboración en el segundo gol de Mazatlán, Tigres alcanzó a rescatar el empate",https://www.record.com.mx/futbol/liga-mx/tigres/nahuel-guzman-se-equivoca-en-el-segundo-gol-de-mazatlan,https://www.record.com.mx/sites/default/files/articulos/2025/08/23/nahuel-guzman-se-equivoca-en-el-segundo-gol-de-mazatlan.jpg,"Este sábado, en la búsqueda de mantener el paso firme en el liderato del TorneoApertura 2025, Nahuel Guzmán fue clave para Mazatlán en el empate entre los Felinos y los Cañoneros.
En los primeros se… [+1016 chars]",2025-08-24T03:18:33,2025-07-27,2025-08-25
BBVA,BBVA,es,Record.com.mx,¡Volvió el capi! Sergio Ramos anotó su primer gol del torneo,@record_mexico,"El histórico jugador español, retomó el camino del gol en el duelo contra Necaxa",https://www.record.com.mx/futbol/liga-mx/monterrey/volvio-el-capi-sergio-ramos-anoto-su-primer-gol-del-torneo,https://www.record.com.mx/sites/default/files/articulos/2025/08/23/volvio-el-capi-sergio-ramos-anoto-su-primer-gol-del-torneo.webp,"La Jornada 6 de laLiga MXsigue contando grandes historias dentro del terreno de juego, esta vez, fue el Estadio BBVA el que vivió un momento de júbilo, esto cuandoSergio Ramosse hizo presente en el m… [+1082 chars]",2025-08-24T03:14:41,2025-07-27,2025-08-25
Banco Popular,Banco Popular,es,La Nacion,Toma de rehenes para quebrar el déficit cero,,El actual Congreso no desea acompañar reformas que modifiquen el statu quo impidiendo generar confianza para que ingresen capitales y se mejore la actividad económica,https://www.lanacion.com.ar/editoriales/toma-de-rehenes-para-quebrar-el-deficit-cero-nid24082025/,https://resizer.glanacion.com/resizer/v2/DEHJABANOJCMPGWABEOCUY6TR4.jpg?auth=8038010d3e3c5628f91de64f8e360e37fe9688bf90a866d6b72edc0757189a0a&width=1200&quality=70&smart=false&height=800,"Según la Real Academia Española, rehén es una persona retenida por alguien para obligar a un tercero a cumplir ciertas condiciones. No menciona, en cambio, la versión más perversa de la política: el … [+8901 chars]",2025-08-24T03:10:00,2025-07-27,2025-08-25
MINEROS,MINEROS,es,Lavozdegalicia.es,La industria minera gallega mira a Europa,Sara López Campoamor,"Galicia construye una narrativa sobre el sector en la que prevalecen la sostenibilidad, el conocimiento y la innovación como garantía de competitividad",https://www.lavozdegalicia.es/noticia/mercados/2025/08/22/industria-minera-gallega-mira-europa/00031755876233768567366.htm,https://img.lavdg.com/sc/or8owYZlHPR5TTUfy3nuT8z0_8Y=/1280x/2025/08/22/00121755873302198839990/Foto/topos.jpg,"La industria minera gallega se encuentra en un momento decisivo. Frente a los desafíos de la transición ecológica, la autonomía estratégica europea y la transformación digital, el sector avanza con p… [+2868 chars]",2025-08-24T03:00:00,2025-07-27,2025-08-25
Banco Popular,Banco Popular,es,Elconfidencial.com,Irse de picos pardos o el quinto pino: dichos que nacieron en Madrid y se expandieron gracias a la literatura,Guillermo Martínez,Numerosas expresiones populares que se usan en el día a día nacieron de acontecimientos de lo más variopintos que sucedieron en la capital,https://www.elconfidencial.com/espana/madrid/2025-08-24/expresiones-populares-madrid-origen-historia-1hms_4194153/,"https://images.ecestaticos.com/jhDYLC-wpXi703fZmnMkPNozA0M=/0x0:2272x1512/600x315/filters:fill(white):format(jpg):quality(99):watermark(f.elconfidencial.com/file/bae/eea/fde/baeeeafde1b3229287b0c008f7602058.png,0,275,1)/f.elconfidencial.com/original/a8b/a30/869/a8ba30869b4182ca99879ac8abee9928.jpg","Un toro suelto de la plaza de toros de la calle Alcalá provocó el nacimiento de la expresión ""eres un tonto del bote"". ""Ser más chulo que un ocho"" procede de un tranvía repleto de chulapos. ""Irse al … [+8892 chars]",2025-08-24T03:00:00,2025-07-27,2025-08-25
BBVA,BBVA,es,Milenio,Rayados de Monterrey vence al Necaxa y se pone como líder del torneo,Aarón Hernández,"El Gigante de Acero fue testigo de una noche redonda por parte del Club de Futbol Monterrey, que ganó, gustó y goleó ante un Necaxa que no pudo poner resistencia. Con un Lucas Ocampos encendido, una obra de arte de Sergio Canales y Sergio Ramos colocando el ú…",https://www.milenio.com/futbol/liga-mx/resultado-monterrey-vs-necaxa-resumen-partido-jornada-6-liga-mx-2025,https://cdn.milenio.com/uploads/media/2025/08/23/rayados-monterrey-vence-necaxa-pone.jpg,"El Gigante de Acero fue testigo de una noche redonda por parte del Club de Futbol Monterrey, que ganó, gustó y goleó ante un Necaxa que no pudo poner resistencia.
Con un Lucas Ocampos encendido, una… [+1757 chars]",2025-08-24T02:39:00,2025-07-27,2025-08-25
BBVA,BBVA,es,Excelsior.com.mx,Cruz Azul Vs Toluca no empezará a las 21:00 horas,bernardo.ferreira,"Bernardo Ferreira
La Liga MX dio a conocer que el partido entre Cruz Azul y Toluca, correspondiente a la Jornada 6 del Apertura 2025, no arrancará a las 21:00 horas como estaba pactado debido a la tormenta eléctrica que azotó el sur de la Ciudad de México.
…",https://www.excelsior.com.mx/adrenalina/cruz-azul-vs-toluca-no-empezara-a-las-2100-horas/1734972,https://www.excelsior.com.mx/1200x630/filters:format(webp):quality(75)/media/pictures/2025/08/23/3366253.jpg,"La Liga MX dio a conocer que el partido entre Cruz Azul y Toluca, correspondiente a la Jornada 6 del Apertura 2025, no arrancará a las 21:00 horas como estaba pactado debido a la tormenta eléctrica q… [+1228 chars]",2025-08-24T02:38:42,2025-07-27,2025-08-25
Banco Popular,Banco Popular,es,Www.abc.es,"Ascenso y caída de Evo Morales, el gran chamán de la izquierda",(abc),"Salió de la provincia del Chapare, la región cocalera del trópico cochabambino, para convertirse en el presidente de Bolivia , y allí mismo regresó dos décadas después despojado de cualquier honor, envilecido por el poder y transformado en forajido. La vida d…",https://www.abc.es/internacional/ascenso-caida-evo-morales-gran-chaman-izquierda-20250824170254-nt.html,https://s1.abcstatics.com/abc/www/multimedia/internacional/2025/08/24/evomorales.jpg,"Salió de la provincia del Chapare, la región cocalera del trópico cochabambino, para convertirse en el presidente de Bolivia, y allí mismo regresó dos décadas después despojado de cualquier honor, en… [+8683 chars]",2025-08-24T02:13:06,2025-07-27,2025-08-25
BBVA,BBVA,es,Www.abc.es,BBVA se enfrenta al dilema de mejorar la opa tras más de 15 meses de operación agónica,(abc),"BBVA afina los números para presentar el que debería ser el folleto final de la opa sobre Banco Sabadell , un documento donde deben poner negro sobre blanco sus cálculos de ahorros sobre la operación y los diferentes escenarios para que los accionistas de la …",https://www.abc.es/economia/bbva-enfrenta-dilema-mejorar-opa-tras-meses-20250825182303-nt.html,https://s2.abcstatics.com/abc/www/multimedia/economia/2025/08/25/torres-onur-U28334155371wqK-1024x512@diario_abc.jpg,"BBVA afina los números para presentar el que debería ser el folleto final de la opa sobre Banco Sabadell, un documento donde deben poner negro sobre blanco sus cálculos de ahorros sobre la operación … [+4940 chars]",2025-08-24T02:10:02,2025-07-27,2025-08-25
BBVA,BBVA,es,Milenio,Partido de Cruz Azul contra Toluca se retrasa por tormenta eléctrica en CU,"Violeta Alva,La Afición","El partido entre Cruz Azul y Toluca, de la jornada 6 del Apertura 2025 de la Liga MX, que se celebra en el Estadio Olímpico Universitario, fue retrasado debido a una tormenta eléctrica alrededor de la sede del juego.Por medio de redes sociales, la Liga MX anu…",https://www.milenio.com/futbol/liga-mx/tormenta-electrica-retrasa-inicio-del-juego-entre-cruz-azul-y-toluca,https://cdn.milenio.com/uploads/media/2025/08/23/partido-cruz-azul-toluca-retrasado.jpg,"El partido entre Cruz Azul y Toluca, de la jornada 6 del Apertura 2025 de la Liga MX, que se celebra en el Estadio Olímpico Universitario, fue retrasado debido a una tormenta eléctrica alrededor de l… [+2842 chars]",2025-08-24T01:48:00,2025-07-27,2025-08-25
BBVA,BBVA,es,Milenio,Sergio Canales se luce anotando gol olímpico en el Monterrey vs Necaxa | VIDEO,La Afición,"Sergio Canales, jugador de Monterrey, anotó este sábado un golazo olímpico en el partido ante Necaxa en la jornada 6 del Apertura 2025 de la Liga MX, haciendo estallar en el Estadio BBVA con el segundo gol de su equipo.El mediocampista de España puso el 2-0 p…",https://www.milenio.com/futbol/liga-mx/sergio-canales-anota-gol-olimpico-juego-rayados-ante-necaxa,https://cdn.milenio.com/uploads/media/2025/08/23/sergio-canales-anota-gol-olimpico.jpg,"Sergio Canales, jugador de Monterrey, anotó este sábado un golazo olímpico en el partido ante Necaxa en la jornada 6 del Apertura 2025 de la Liga MX, haciendo estallar en el Estadio BBVA con el segun… [+897 chars]",2025-08-24T01:02:00,2025-07-27,2025-08-25
BBVA,BBVA,es,Record.com.mx,‘Será difícil pero hay que seguir el camino’ Lucas Ocampos previo al Rayados vs Necaxa,@record_mexico,"El atacante de Monterrey, declaró que todos los juegos son complicados pero planeta continuar en el camino de la victoria",https://www.record.com.mx/futbol/liga-mx/monterrey/sera-dificil-pero-hay-que-seguir-el-camino-lucas-ocampos-previo-al-rayados,https://www.record.com.mx/sites/default/files/articulos/2025/08/23/sera-dificil-pero-hay-que-seguir-el-camino-lucas-ocampos-previo-al-rayados-vs-necaxa.webp,"Se reanudaron las acciones del Apertura 2025 de laLiga MX, ahora es turno de losRayados de Monterrey y los Rayos del Necaxa de verse las caras en el Gigante de acero por el duelo correspondiente a la… [+1309 chars]",2025-08-24T00:43:32,2025-07-27,2025-08-25
Banco Santander,Banco Santander,es,Www.df.cl,"Álvaro Jalaff post Capitán Yáber: el distanciamiento con su hermano Antonio, estufa para el penal y las recientes declaraciones a la Fiscalía",Azucena González,"Con su defensa, desarrolló una artillería legal con informes del tributarista Octavio Del Río y declaraciones del exdirector del SII Ricardo Escobar para desacreditar delitos que se le imputan. Y, por ahora, logró que el tribunal desestimara que haya cometido…",https://www.df.cl/df-mas/por-dentro/alvaro-jalaff-post-capitan-yaber-el-distanciamiento-con-su-hermano,https://www.df.cl/noticias/site/artic/20250822/imag/foto_0000001120250822224320/JALAFF_ok.jpg,"Poco más de seis meses privado de libertad estuvo Álvaro Ignacio Jalaff Sanz, recluido en Capitán Yáber desde el 3 de febrero pasado. El exCEO de Grupo Patio e integrante de la familia fundadora de e… [+21499 chars]",2025-08-24T00:00:00,2025-07-27,2025-08-25
MINEROS,MINEROS,es,Milenio,Fuerza Regia cae en el debut de Pierre Oriola ante Mineros de Zacatecas,Roberto Flores,"Pierre Oriola debutó con Fuerza Regia mostrando su calidad en la duela, sin embargo no fue suficiente para quedarse con la victoria ante Mineros de Zacatecas. Ante una gran entrada en la Arena Mobil, los zacatecanos se llevaron la victoria por marcador de 85-…",https://www.milenio.com/deportes/basquetbol/resultado-fuerza-regia-vs-mineros-resumen-partido-lnbp-2025,https://cdn.milenio.com/uploads/media/2025/08/23/fuerza-regia-cae-debut-pierre.jpg,"Pierre Oriola debutó con Fuerza Regia mostrando su calidad en la duela, sin embargo no fue suficiente para quedarse con la victoria ante Mineros de Zacatecas. 
Ante una gran entrada en la Arena Mobi… [+1749 chars]",2025-08-23T23:48:00,2025-07-27,2025-08-25
BBVA,BBVA,es,Record.com.mx,Monterrey vs Necaxa EN VIVO ONLINE Liga MX Jornada 6 Apertura 2025,@record_mexico,Rayados quiere mantener su inercia positiva en casa al recibir a unos Rayos que sólo tiene una victoria en sus últimos cinco juegos,https://www.record.com.mx/futbol/liga-mx/monterrey/monterrey-vs-necaxa-en-vivo-liga-mx-jornada-6-apertura-2025,https://www.record.com.mx/sites/default/files/articulos/2025/08/21/monterrey-vs-necaxa-en-vivo-liga-mx-jornada-6-apertura-2025.jpg,La sexta jornada del Torneo Apertura 2025 de la Liga MX tiene como uno de sus platillos principales el choque entre Monterrey y Necaxa en el Estadio BBVA. Dos equipos con realidades opuestas se medir… [+1234 chars],2025-08-23T23:00:43,2025-07-27,2025-08-25
MINEROS,MINEROS,es,Latercera.com,Cobresal se impone a Unión La Calera y se afianza en zona de Copa Sudamericana,Vicente González,"Con un solitario penal de Jorge Henríquez, el conjunto minero venció a los cementeros para mantenerse en puestos de clasificación a torneos internacionales.",https://www.latercera.com/el-deportivo/noticia/cobresal-se-impone-a-union-la-calera-y-se-afianza-en-zona-de-copa-sudamericana/,https://www.latercera.com/resizer/v2/PLPJUWFHHZD5ZFSMZBYBK2BZ6E.jpeg?auth=ba2fa4801db3746e82de0c5f5ce8edb63fde60b58f51a614130f35853e30dda0&height=630&width=1200&focal=828%2C166,"Cobresal se impuso con lo justo a Unión La Calera y sigue soñando con los torneos internacionales. En la fecha 21 de la Liga de Primera, el cuadro nortino venció por 1-0 a los de la Quinta Región.
E… [+1103 chars]",2025-08-23T21:05:20,2025-07-27,2025-08-25
Banco Santander,Banco Santander,es,Eldiario.es,"Las traineras, el fenómeno deportivo, social y tradicional de cada verano en la costa vasca",Mattin Izaguirre Eguiguren,"De faena marinera a espectáculo deportivo en categoría masculina y femenina, el remo moviliza en las banderas a miles de personas
Cruzar el Atlántico con un velero de yute y una enfermedad rara: “El coraje lo necesité en el hospital, no en el mar”

 En el m…",https://www.eldiario.es/euskadi/traineras-fenomeno-deportivo-social-tradicional-verano-costa-vasca_1_12539909.html,https://static.eldiario.es/clip/e84c37c4-a141-4e6e-b9ab-635ec254a623_facebook-watermarked-aspect-ratio_default_0.jpg,"En el municipio costero de Orio, en Gipuzkoa, reina la paz. Es un lunes tranquilo. En la suave tarde, las gaviotas sobrevuelan los barcos; mientras, en las calles, los oriotarras hablan del resultado… [+46904 chars]",2025-08-23T19:50:42,2025-07-27,2025-08-25
BBVA,BBVA,es,Milenio,Monterrey vs Necaxa EN VIVO: A qué hora y dónde ver partido de la jornada 6 de la Liga MX 2025,Marco Antonio Guadarrama,"Monterrey será este fin de semana anfitrión de Necaxa en partido de la jornada 6 del Apertura 2025 de la Liga MX, y se medirán en el Estadio BBVA, donde los locales son favoritos para quedarse con los tres puntos.Rayados está enrachado en la Liga MX, luego de…",https://www.milenio.com/futbol/liga-mx/monterrey-vs-necaxa-en-vivo-partido-liga-mx-jornada-6-apertura-2025,https://cdn.milenio.com/uploads/media/2025/08/21/monterrey-vs-necaxa-vivo-partido-1.jpg,"Monterrey será este fin de semana anfitrión de Necaxa en partido de la jornada 6 del Apertura 2025 de la Liga MX, y se medirán en el Estadio BBVA, donde los locales son favoritos para quedarse con lo… [+1664 chars]",2025-08-23T19:45:52,2025-07-27,2025-08-25
MINEROS,MINEROS,es,Xataka.com.mx,El joystick que nunca imaginaste está aquí y no es para videojuegos: controla excavadoras y grúas desde casa,Luis Ángel Márquez Flores,"LKAB, Luossavaara-Kiirunavaara Aktiebolag, es una empresa estatal sueca dedicada a la minería de hierro en las regiones de Kiruna y Malmberget. Recientemente esta empresa ha hecho uso de una tecnología que está cambiando la forma en que se trabaja en la miner…",https://www.xataka.com.mx/otros-1/joystick-que-nunca-imaginaste-esta-aqui-no-para-videojuegos-controla-excavadoras-gruas-casa,https://i.blogs.es/cf2728/joystick_mineria/840_560.png,"LKAB, Luossavaara-Kiirunavaara Aktiebolag, es una empresa estatal sueca dedicada a la minería de hierro en las regiones de Kiruna y Malmberget. Recientemente esta empresa ha hecho uso de una tecnolog… [+3445 chars]",2025-08-23T17:00:46,2025-07-27,2025-08-25
Banco Popular,Banco Popular,es,Www.abc.es,La «mala» costumbre de los españoles que indigna a los camareros: «En otros sitios no se ve»,(abc),"Salarios bajos, jornadas laborales interminables, clientes maleducados y convenios que no se respetan. La misma canción suena en la barra de la hostelería española desde hace décadas, pese a que se trata de uno de los sectores más importantes de la economía p…",https://www.abc.es/espana/comunidad-valenciana/mala-costumbre-espanoles-indigna-camareros-sitios-20250823190000-nt.html,https://s2.abcstatics.com/abc/www/multimedia/espana/2024/08/23/mala-costumbre-espanola-indigna-camareros-kA0D-U701440016516gLF-1024x512@diario_abc.png,"Salarios bajos, jornadas laborales interminables, clientes maleducados y convenios que no se respetan. La misma canción suena en la barra de la hostelería española desde hace décadas, pese a que se t… [+2296 chars]",2025-08-23T17:00:00,2025-07-27,2025-08-25
BBVA,BBVA,es,Mundodeportivo.com,Intensa jornada institucional del Barça femenino en Monterrey,Autor Redacción,"En su segundo día en Monterrey , el primer equipo de fútbol femenino del FC Barcelona fue protagonista de una jornada institucional de gran relevancia, marcada por la conexión entre clubs, entidades y afición, en el marco del muy esperado enfrentamiento contr…",https://www.mundodeportivo.com/futbol/fc-barcelona/20250823/1002519256/intensa-jornada-institucional-barca-femenino-monterrey.html,https://www.mundodeportivo.com/files/og_thumbnail/files/fp/uploads/2025/08/23/68a9e7a944c0e.r_d.601-341-9983.png,"En su segundo día en Monterrey , el primer equipo de fútbol femenino del FC Barcelona fue protagonista de una jornada institucional de gran relevancia, marcada por la conexión entre clubs, entidades … [+2566 chars]",2025-08-23T16:10:00,2025-07-27,2025-08-25
BBVA,BBVA,es,Milenio,Charlyn Corral presenta herida facial tras sufrir golpe en el Barcelona vs Liga MX Femenil,Fernanda Mendoza,"Este viernes se celebró el Duelo de Estrellas entre el Barcelona y laLiga MX Femenil en el Estadio Universitario, donde se reunió lo mejor de la liga local femenina para enfrentar a una de las máximas potencias a nivel mundial.El duelo terminó con un empate p…",https://www.milenio.com/futbol/liga-mx/charlyn-corral-presenta-herida-facial-tras-sufrir-golpe-de-mapi-leon,https://cdn.milenio.com/uploads/media/2025/08/23/charlyn-corral-presenta-herida-facial.jpg,"Este viernes se celebró el Duelo de Estrellas entre el Barcelona y laLiga MX Femenil en el Estadio Universitario, donde se reunió lo mejor de la liga local femenina para enfrentar a una de las máxima… [+2030 chars]",2025-08-23T14:55:00,2025-07-27,2025-08-25
MINEROS,MINEROS,es,Www.abc.es,Ni playas ni desiertos: el espectacular tesoro de cristal único en el mundo que está en Almería,(abc),"En Pulpí, en el Levante almeriense, se encuentra una geoda de yeso única en Europa y una de las más grandes y mejor conservadas del mundo. Se localiza en la Mina Rica, un antiguo yacimiento minero abierto al público en 2019. Sus cristales, de gran tamaño y tr…",https://www.abc.es/viajar/andalucia/playas-desiertos-espectacular-tesoro-cristal-unico-mundo-20250823132038-nts.html,https://s3.abcstatics.com/abc/www/multimedia/viajar/2025/08/23/cientifica-interior-geoda-pulpi-U82305202642tdH-1024x512@diario_abc.jpg,"En Pulpí, en el Levante almeriense, se encuentra una geoda de yeso única en Europa y una de las más grandes y mejor conservadas del mundo. Se localiza en la Mina Rica, un antiguo yacimiento minero ab… [+2456 chars]",2025-08-23T13:56:22,2025-07-27,2025-08-25
BBVA,BBVA,es,Record.com.mx,Charlyn Corral será operada tras golpe en la cara recibido ante Barcelona,@record_mexico,La Liga MX Femenil dio una actualización sobre el estado de salud de la mexicana,https://www.record.com.mx/futbol/futbol-nacional/ligafemenilmx/charlyn-corral-sera-operada-tras-golpe-en-la-cara-recibido,https://www.record.com.mx/sites/default/files/articulos/2025/08/23/charlyn-corral-sera-operada-tras-golpe-en-la-cara-recibido-ante-barcelona.webp,"Charlyn Corral sufrió un duro golpe durante el encuentro entre Liga MX Femenil y Barcelona, lo que la obligó a salir del terreno de juego para que la pudieran atender, ya que tras el impacto de Mapi … [+1142 chars]",2025-08-23T13:31:27,2025-07-27,2025-08-25
BBVA,BBVA,es,Excelsior.com.mx,Así 'vacunó' Gilberto Mora a Chivas,arturo.duran,"Arturo López
Gilberto Mora sigue maravillando cada vez que pisa la cancha. Si en EU marcó doblete en la Leagues, en la Liga MX fue cuestión de tiempo para que marcara otro. Su rival: Chivas. A pesar de la gran noche de jugador de 16 años, Xolos no pudo aprov…",https://www.excelsior.com.mx/adrenalina/asi-vacuno-gilberto-mora-a-chivas/1734899,https://www.excelsior.com.mx/media/styles/image1200x630/public/pictures/2025/08/23/3366029.jpg,"Gilberto Mora sigue maravillando cada vez que pisa la cancha. Si en EU marcó doblete en la Leagues, en la Liga MX fue cuestión de tiempo para que marcara otro. Su rival: Chivas. A pesar de la gran no… [+1561 chars]",2025-08-23T13:25:41,2025-07-27,2025-08-25
ISA,ISA,es,Ecartelera.com,'Blade Runner 2099': Prime Video acota la fecha de estreno de la serie protagonizada por Michelle Yeoh,Víctor Mopez,DISTÓPICOS La miniserie amplía el universo de la saga iniciada en 1982 siendo secuela de la película de 2017 'Blade Runner 2049'.'Blade Runner 2099': Prime Video acota la fecha de estreno de la serie protagonizada por Michelle Yeoh,https://www.ecartelera.com/noticias/blade-runner-2099-prime-video-fecha-estreno-serie-2026-81625/,https://www.ecartelera.com/images/noticias/81600/81625-h2.jpg,"La espera está por terminar. Prime Video ha confirmado que la miniserie 'Blade Runner 2099', continuación televisiva de la icónica saga de ciencia ficción, llegará a la plataforma en 2026. El proyect… [+2491 chars]",2025-08-23T13:24:18,2025-07-27,2025-08-25
Banco de la República,Banco de la República,es,Nacion.com,Rodrigo Chaves revela supuesto mensaje de agradecimiento que le envió Christian Bulgarelli,Lucía Astorga,El presidente Rodrigo Chaves indicó que incluirán la supuesta comunicación como parte de las pruebas aportadas por la defensa.,https://www.nacion.com/politica/rodrigo-chaves-revela-supuesto-mensaje-de/YDRXVZVBYJCDNIBNLAY5VOU5EM/story/,https://www.nacion.com/resizer/v2/4FYGPYPXGNG3HE67BMV5UKKJ6I.png?smart=true&auth=c38e061a4eeb27136f6399eecbf8b47557302445ca36a77c96b273533556d0f3&width=1440,"El mandatario Rodrigo Chaves reveló este viernes un supuesto mensaje de agradecimiento que le habría enviado el productor audiovisual Christian Bulgarelli, casi dos meses después de la adjudicación d… [+5947 chars]",2025-08-23T13:05:00,2025-07-27,2025-08-25
Banco Popular,Banco Popular,es,Expansion.com,"La AIReF prevé 3 décimas menos de déficit en 2025 por los litigios, pero avisa del riesgo al alza",Expansión,"La Autoridad Independiente de Responsabilidad Fiscal (AIReF) calcula que el menor impacto de sentencias judiciales desfavorables para el Estado permitirá reducir tres décimas el déficit público en 2025, pero avisa de que existe una elevada incertidumbre sobre…",https://www.expansion.com/economia/2025/08/23/68a9a656468aeb88708b4581.html,https://phantom-expansion.uecdn.es/f0b198ecad138e45740575b597385127/crop/75x50/1988x1325/resize/1200/f/webp/assets/multimedia/imagenes/2025/08/23/17559510791439.jpg,La Autoridad Independiente de Responsabilidad Fiscal (AIReF) calcula que el menor impacto de sentencias judiciales desfavorables para el Estado permitirá reducir tres décimas el déficit público en 20… [+4590 chars],2025-08-23T12:12:42,2025-07-27,2025-08-25
Banco de la República,Banco de la República,es,Nacion.com,Rodrigo Chaves centra defensa en atacar presuntas fallas en acusación del fiscal general: ‘Nunca ordené al testigo darle dinero a nadie’,Aarón Sequeira,El presidente Rodrigo Chaves y su abogado José Miguel Villalobos lanzaron ataques hacia el fiscal general y los magistrados por darle trámite a la acusación por el presunto delito de concusión contra el mandatario.,https://www.nacion.com/politica/rodrigo-chaves-centra-defensa-en-atacar-presuntas/V6AXQYFHENGTZB4EXOAYY5UO3M/story/,https://www.nacion.com/resizer/v2/DKCUP4L5VFFCHABA3YVXGRSISU.jpeg?smart=true&auth=641f4ba23b0630167e0388dbe9acd2599b9eee65c17d9e30c76ff81e3ca77e59&width=1440,"Durante una exposición que se prolongó durante una hora y 57 minutos, el presidente de la República, Rodrigo Chaves, y su abogado José Miguel Villalobos intentaron deslegitimar la acusación presentad… [+9199 chars]",2025-08-23T12:00:00,2025-07-27,2025-08-25
Banco Popular,Banco Popular,es,Cointelegraph,"El sentimiento cripto regresa a la ""Codicia"" mientras Bitcoin y Ether subieron tras el discurso de la Fed",Ciaran Lyons,"Un popular rastreador del sentimiento cripto volvió a la ""Codicia"" el sábado después de que el presidente de la Fed, Jerome Powell, insinuara un posible recorte de tasas en septiembre.
 El sentimiento cripto volvió a la ""Codicia"" el sábado, mientras el mercad…",https://es.cointelegraph.com/news/crypto-market-greed-bitcoin-ether-price-rally-federal-reserve-dovish,"https://images.cointelegraph.com/cdn-cgi/image/format=auto,onerror=redirect,quality=90,width=1200/https://s3.cointelegraph.com/uploads/2024-11/0193203b-37e0-7277-b2a0-1ea39b9d9187","El sentimiento cripto volvió a la ""Codicia"" el sábado, mientras el mercado de criptomonedas repuntaba tras los comentarios moderados del presidente de la Reserva Federal de EE. UU., Jerome Powell, qu… [+3429 chars]",2025-08-23T11:01:38,2025-07-27,2025-08-25
BBVA,BBVA,es,Latercera.com,¿El fin del activismo corporativo?,Pablo Halpern,"""Lo que presenciamos no es el fin del activismo corporativo, sino su evolución hacia un modelo geográficamente consciente. Las empresas aprenden que en un mundo multipolar, las estrategias también deben serlo. El activismo no desaparece; se transforma en una …",https://www.latercera.com/opinion/noticia/el-fin-del-activismo-corporativo/,https://www.latercera.com/resizer/v2/SWN62E7G6ZE5BC76RYQX4FL3AM.jpg?auth=a9325dc6f4c4f30ac0e65c37f26d18c885709d25983cd575b726a1869aa4525c&height=630&width=1200&smart=true,El activismo corporativo -la práctica de las empresas de tomar posiciones públicas sobre temas sociales y políticos- está experimentando una transformación radical que desafía la narrativa dominante … [+3957 chars],2025-08-23T11:00:00,2025-07-27,2025-08-25
MINEROS,MINEROS,es,Latercera.com,Empresa de construcción modular Tecno Fast invertirá US$350 millones al 2029,Paulina Ortega,"El plan de inversión del grupo chileno, cuyo 42% de las ventas proviene de sus negocios internacionales, estará focalizado en el segmento de arriendo de soluciones, el de mejor desempeño, y en las viviendas modulares. El grupo, que ha cuadruplicado su Ebitda …",https://www.latercera.com/pulso/noticia/empresa-de-construccion-modular-tecno-fast-invertira-us350-millones-al-2029/,https://www.latercera.com/resizer/v2/ONYIWFNT3BGQLAYM7VKKBSVZ6Y.jpg?auth=618e1c95822097ca4e2df67ca814afa31c1ee680e7c82333b862164d5811af05&height=630&width=1200&smart=true,La empresa de construcción modular a través de containers Tecno Fast está cumpliendo 30 años desde que se lanzó al mercado. La firma fue fundada en 1995 por Cristián Concha y Cristián Goldberg y part… [+6503 chars],2025-08-23T11:00:00,2025-07-27,2025-08-25
Banco Popular,Banco Popular,es,La Nacion,"Fabian Holland, el gigante holandés que soñaba ser como Messi y terminó jugando en los All Blacks",Alejo Miranda,"El segunda línea nació en Países Bajos y jugaba al fútbol, pero a los 16 años se mudó a Nueva Zelanda y no tardó en llegar a lo más alto",https://www.lanacion.com.ar/deportes/rugby/fabian-holland-el-gigante-holandes-que-sonaba-ser-como-messi-y-termino-jugando-en-los-all-blacks-nid23082025/,https://resizer.glanacion.com/resizer/v2/los-204-centimetros-y-124-kilos-de-fabian-holland-KGCM4CBNDBFE7ECCAEHEH4W6NA.JPG?auth=906596747bc6912faef4780c8c8caec7a5f58aef79152f7369dba35bc93b626c&width=1200&quality=70&smart=false&height=800,"Al observarlo es imposible evitar que a uno se le venga a la mente la imagen de Wout Weghorst, el neerlandés que le hizo los dos goles a la Argentina en el mundial de fútbol de Qatar y mandó a los pe… [+6022 chars]",2025-08-23T10:59:46,2025-07-27,2025-08-25
Grupo Energía de Bogotá,Grupo Energía de Bogotá,es,Hola,"Un verano de amor en Indonesia: la ruta de Aitana y Plex, al descubierto",Patricia Granada,"La pareja disfruta de unas vacaciones inolvidables en Indonesia, acompañados de un círculo íntimo en el que no falta Anix, quien ha compartido las imágenes más reveladoras",https://www.hola.com/actualidad/20250823851727/un-verano-de-amor-en-indonesia-la-ruta-de-aitana-y-plex-al-descubierto/,https://www.hola.com/horizon/landscape/6a294398e3e7-26-este-finde-ha-sido-de-los-ms-bonitos-de-mi-vidala-vida-es-ya.jpg?im=Resize=(1200),"Tras coronar un verano de éxitos con conciertos multitudinarios en Barcelona y Madrid, Aitana Ocaña ha puesto un paréntesis en su agenda para disfrutar de unas vacaciones de ensueño. El destino elegi… [+4435 chars]",2025-08-23T10:13:34,2025-07-27,2025-08-25
BBVA,BBVA,es,DW (English),El Mundial 2026 traerá a México unos 3.000 millones de dólares,Deutsche Welle,"La Federación Mexicana de Fútbol estima los ingresos calculando la llegada de más de cinco millones de turistas para asistir al torneo, que se celebrará conjuntamente con Estados Unidos y Canadá.",https://www.dw.com/es/el-mundial-2026-traer%C3%A1-a-m%C3%A9xico-unos-3000-millones-de-d%C3%B3lares/a-73740498,https://static.dw.com/image/73740491_6.jpg,"El Mundial de Fútbol de 2026 generará en México alrededor de 3.000 millones de dólares, anunció este viernes (22.08.2025) la Federación Mexicana de Fútbol. El torneo, del que el país será sede junto … [+1142 chars]",2025-08-23T10:03:00,2025-07-27,2025-08-25
MINEROS,MINEROS,es,Jornada.com.mx,Beñat Zaldua: Madrid se independiza a ritmo de Gloria Estefan,Beñat Zaldua,"Cuando cerraron las minas de hierro de Bjørnevatn, en el inhóspito norte noruego, el futuro de la ciudad quedó en el aire. ¿De qué iban a vivir en pleno círculo polar ártico 3 mil personas? Podían haberse marchado, claro, pero nunca hay que minusvalorar la vo…",https://www.jornada.com.mx/2025/08/23/opinion/012a1pol,https://www.jornada.com.mx/imagemeta/1200x630BN.jpg,"uando cerraron las minas de hierro de Bjørnevatn, en el inhóspito norte noruego, el futuro de la ciudad quedó en el aire. ¿De qué iban a vivir en pleno círculo polar ártico 3 mil personas? Podían hab… [+4872 chars]",2025-08-23T09:09:12,2025-07-27,2025-08-25
MINEROS,MINEROS,es,Jornada.com.mx,Beñat Zaldua: Madrid se independiza a ritmo de Gloria Estefan,Beñat Zaldua,"Cuando cerraron las minas de hierro de Bjørnevatn, en el inhóspito norte noruego, el futuro de la ciudad quedó en el aire. ¿De qué iban a vivir en pleno círculo polar ártico 3 mil personas? Podían haberse marchado, claro, pero nunca hay que minusvalorar la vo…",https://www.jornada.com.mx/2025/08/23/politica/012a1pol,https://www.jornada.com.mx/imagemeta/1200x630BN.jpg,"uando cerraron las minas de hierro de Bjørnevatn, en el inhóspito norte noruego, el futuro de la ciudad quedó en el aire. ¿De qué iban a vivir en pleno círculo polar ártico 3 mil personas? Podían hab… [+4872 chars]",2025-08-23T09:09:12,2025-07-27,2025-08-25
Banco Popular,Banco Popular,es,Jornada.com.mx,Editorial: Economía: estabilidad con justicia,"DEMOS, Desarrollo de Medios, S.A. de C.V.","La presidenta Claudia Sheinbaum Pardo manifestó ayer su satisfacción por la estabilidad de la economía mexicana, lograda pese a factores adversos como las políticas de su homólogo estadunidense Donald Trump. La mandataria reconoció que la guerra arancelaria o…",https://www.jornada.com.mx/2025/08/23/opinion/002a1edi,https://www.jornada.com.mx/imagemeta/1200x630BN.jpg,"a presidenta Claudia Sheinbaum Pardo manifestó ayer su satisfacción por la estabilidad de la economía mexicana, lograda pese a factores adversos como las políticas de su homólogo estadunidense Donald… [+3825 chars]",2025-08-23T09:09:12,2025-07-27,2025-08-25
Banco Popular,Banco Popular,es,Eleconomista.es,"La Autoridad Independiente de Responsabilidad Fiscal prevé 3 décimas menos de déficit en 2025 por litigios desfavorables, pero avisa del riesgo al alza",elEconomista.es,"La Autoridad Independiente de Responsabilidad Fiscal (AIReF) calcula que el menor impacto de sentencias judiciales desfavorables para el Estado permitirá reducir tres décimas el déficit público en 2025, pero avisa de que existe una elevada incertidumbre sobre…",https://www.eleconomista.es/economia/noticias/13515092/08/25/la-autoridad-independiente-de-responsabilidad-fiscal-preve-3-decimas-menos-de-deficit-en-2025-por-litigios-desfavorables-pero-avisa-del-riesgo-al-alza.html,https://s03.s3c.es/imag/_v0/1200x656/b/c/f/Imagen-cuarta-opinion-imv-airef-.jpg,La Autoridad Independiente de Responsabilidad Fiscal (AIReF) calcula que el menor impacto de sentencias judiciales desfavorables para el Estado permitirá reducir tres décimas el déficit público en 20… [+4618 chars],2025-08-23T08:56:02,2025-07-27,2025-08-25
Banco Santander,Banco Santander,es,Movilzona.es,¿Es imprescindible que un reloj tenga NFC para comprarlo?,Miguel Martínez,"Cuando uno empieza a mirar relojes inteligentes, generalmente se fija en el precio y en la duración de batería, pero el NFC se ha colado entre una de las prestaciones que más buscan los que quieren vestir su muñeca con un reloj inteligente. Ahora, ¿es impresc…",https://www.movilzona.es/noticias/power-on/imprescindible-reloj-tenga-nfc-para-comprarlo/,https://www.movilzona.es/app/uploads-movilzona.es/2025/08/mujer-pagando-con-smartwatch.png,"Hay cosas que son innegables en un smartwatch y que le dan sentido al propio dispositivo. Ahí están sus monitores de actividad, medición de sueño, GPS, micrófono y altavoz. Y hay otras, que son un añ… [+3008 chars]",2025-08-23T08:00:01,2025-07-27,2025-08-25
MINEROS,MINEROS,es,Www.df.cl,Matthei y Jara coinciden en que ambas pasarán a segunda vuelta y que Chile necesita una presidenta mujer,Patricia Marchetti,Ambas candidatas se encontraron la noche de este jueves en la Cena de Negocios Mineros de la Asociación de Industriales de Antofagasta.,https://www.df.cl/senal-df/factor-economico/matthei-y-jara-coinciden-en-que-ambas-pasaran-a-segunda-vuelta-y-que-chile,https://www.df.cl/noticias/site/artic/20250822/imag/foto_0000000120250822165709/ff.jpg,"Desde antofagasta.
Hasta las Ruinas de Huanchaca, en la ciudad de Antofagasta, llegaron las candidatas Jeannette Jara y Evelyn Matthei la noche de este jueves. La cita organizada por la Asociación d… [+4356 chars]",2025-08-23T08:00:00,2025-07-27,2025-08-25
Banco de la República,Banco de la República,es,Www.df.cl,"Lo que debes saber al terminar la semana | Salida de Marcel, los programas de los candidatos, el PIB y Powell",Diario Financiero,"Fue una sorpresa para todos. La salida de Mario Marcel apareció como un cisne negro que nadie esperaba, en medio de una semana marcada por la publicación de los planes de Gobierno de los candidatos a La Moneda.",https://www.df.cl/senal-df/doble-shot/salida-de-marcel-los-programas-de-los-candidatos-el-pib-y-powell-se,https://www.df.cl/noticias/site/artic/20250822/imag/foto_0000000420250822200731/2025-08-23-Doble-Shot-copia.jpg,"Sin duda la noticia que marcó la jornada de este jueves y la de varios días más, fue la inesperada salida de Mario Marcel de la cartera de Hacienda. Pasadas las 11 horas, la noticia de que el inquili… [+13084 chars]",2025-08-23T08:00:00,2025-07-27,2025-08-25
MINEROS,MINEROS,es,Www.df.cl,¿Punto de inflexión? Banco Central resalta mayor dinamismo de la inversión y expertos anticipan mejores proyecciones para el año,David Lefin,"En el segundo trimestre, la inversión registró un crecimiento anual de 5,6%, su mejor desempeño en tres años. Sin embargo, el impulso continúa concentrándose en los sectores de minería y energía.",https://www.df.cl/senal-df/factor-economico/punto-de-inflexion-banco-central-resalta-mayor-dinamismo-de-la-inversion,https://www.df.cl/noticias/site/artic/20250822/imag/foto_0000000320250822165708/BANCO-CENTRAL-FACHADA_JC-0810232.jpg,"Mejores vientos corren para la economía chilena y, en particular, para la inversión. El lunes, el Banco Central publicó las cifras de cuentas nacionales y, junto con informar que el PIB creció 3,1% e… [+8616 chars]",2025-08-23T08:00:00,2025-07-27,2025-08-25
BBVA,BBVA,es,Excelsior.com.mx,Apertura 2025: Chivas saca agónico empate ante Xolos en noche de doblete de Mora,luis.ramirez,"Antonio Velázquez
Cuando la noche era más oscura para Chivas al ir perdiendo por tres goles, los jugadores reaccionaron para salvar un empate 3-3 en su visita a Tijuana y con ello hacer sombra sobre el primer doblete del campeonato del joven Gilberto Mora co…",https://www.excelsior.com.mx/adrenalina/apertura-2025-xolos-empata-chivas-doblete-gilberto-mora/1734857,https://www.excelsior.com.mx/1200x630/filters:format(webp):quality(75)/media/pictures/2025/08/22/3365967.jpg,"Cuando la noche era más oscura para Chivas al ir perdiendo por tres goles, los jugadores reaccionaron para salvar un empate 3-3 en su visita a Tijuana y con ello hacer sombra sobre el primer doblete … [+1146 chars]",2025-08-23T05:31:19,2025-07-27,2025-08-25
BBVA,BBVA,es,Record.com.mx,¡Ley del ex! Efraín Álvarez anota golazo en el Chivas vs Xolos,@record_mexico,El atacante mexicano ayudó a su equipo a acercarse en el marcador ante Tijuana,https://www.record.com.mx/futbol/liga-mx/chivas/ley-del-ex-efrain-alvarez-anota-golazo-en-el-chivas-vs-xolos,https://www.record.com.mx/sites/default/files/articulos/2025/08/22/ley-del-ex-efrain-alvarez-anota-golazo-en-el-chivas-vs-xolos.webp,"El partido entre Chivas y Tijuana fue una montaña rusa de emociones, pues el conjunto fronterizo lo ganaba 3 a 0, pero el Rebaño consiguió encontrar el empate en los últimos minutos del encuentro en … [+1362 chars]",2025-08-23T05:15:28,2025-07-27,2025-08-25
Banco de la República,Banco de la República,es,Milenio,"Donde unos ven basura, ellas ven futuro: reciclan cuadernos para niños de bajos recursos en Edomex","Mellissa López,Bernardo Jasso","Las hermanas Karina y Karen Montes de Oca, con apoyo de su madre, Lourdes García Hernández, convirtieron un rincón de su casa y su comedor en una sala de “cirugía” para restaurar libretas usadas.Este espacio, al que nombraron Banco y Hospital de Libretas, com…",https://www.milenio.com/estados/edomex-familia-recicla-cuadernos-apoyar-estudiantes,https://cdn.milenio.com/uploads/media/2025/08/22/familia-busca-apoyar-estudiantes-necesiten.jpg,"Las hermanas Karina y Karen Montes de Oca, con apoyo de su madre, Lourdes García Hernández, convirtieron un rincón de su casa y su comedor en una sala de cirugía para restaurar libretas usadas.
Este… [+7861 chars]",2025-08-23T04:21:34,2025-07-27,2025-08-25
BBVA,BBVA,es,Excelsior.com.mx,"VIDEO: Gil Mora lo hace de nuevo, anota gol a las Chivas",carlos.cordova,"Carlos Barrón
Gilberto Mora sigue recibiendo menciones honorificas a los 16 años en la Liga MX y poco a poco va cumpliendo objetivos. Uno de ellos es anotar en partidos trascendentales y el chico maravilla lo hizo a los 5 minutos de iniciado el encuentro ant…",https://www.excelsior.com.mx/adrenalina/video-gol-gilberto-mora-contra-chivas/1734852,https://www.excelsior.com.mx/1200x630/filters:format(webp):quality(75)/media/pictures/2025/08/22/3365949.jpg,Gilberto Mora sigue recibiendo menciones honorificas a los 16 años en la Liga MX y poco a poco va cumpliendo objetivos. Uno de ellos es anotar en partidos trascendentales y el chico maravilla lo hizo… [+663 chars],2025-08-23T04:20:35,2025-07-27,2025-08-25
BBVA,BBVA,es,Excelsior.com.mx,Apertura 2025: Querétaro derrota a San Luis para su primer triunfo del torneo,luis.ramirez,"Christian Mendoza
Con dramático cierre en La Corregidora, el Querétaro logró su primera victoria del torneo Apertura 2025, al remontar 3-2 al Atlético de San Luis, duelo por la sexta jornada marcada por una rigurosa actuación del arbitraje en el VAR.

El mo…",https://www.excelsior.com.mx/adrenalina/liga-mx-apertura-2025-queretaro-gana-san-luis/1734847,https://www.excelsior.com.mx/1200x630/filters:format(webp):quality(75)/media/pictures/2025/08/22/3365932.jpg,"Con dramático cierre en La Corregidora, el Querétarologró su primera victoria del torneo Apertura 2025, al remontar 3-2 al Atlético de San Luis, duelo por la sexta jornada marcada por una rigurosa ac… [+2781 chars]",2025-08-23T03:38:03,2025-07-27,2025-08-25
BBVA,BBVA,es,Excelsior.com.mx,"Liga MX: Santos sigue con su mala racha, 17 meses sin ganar de visitante",carlos.cordova,"Carlos Barrón
Santos Laguna continúa purgando una pena en el futbol mexicano. Cuando acariciaba un triunfo como visitante después de 17 meses, los Bravos de Juárez le sacaron el partido en cinco minutos sobre el tiempo agregado.

Un gol  de Cristian Dájome …",https://www.excelsior.com.mx/adrenalina/santos-sigue-con-su-mala-racha-17-meses-sin-ganar-de-visitante/1734846,https://www.excelsior.com.mx/1200x630/filters:format(webp):quality(75)/media/pictures/2025/08/22/3365930.jpg,"Santos Lagunacontinúa purgando una pena en el futbol mexicano. Cuando acariciaba un triunfo como visitante después de 17 meses, los Bravos de Juárez le sacaron el partido en cinco minutos sobre el ti… [+2097 chars]",2025-08-23T03:22:30,2025-07-27,2025-08-25
BBVA,BBVA,es,Elespanol.com,"Sánchez, convencido de que su exclusión de la cumbre de Washington le consolida como antagonista de Trump",Fernando Garea,"El Gobierno considera que no le perjudica políticamente la ausencia de Sánchez en la foto de los mandatarios de la UE ante Trump en la Casa Blanca.
Más información: Sánchez se volcará con el pacto sobre cambio climático para dar contenido a la legislatura, un…",https://www.elespanol.com/espana/politica/20250823/sanchez-convencido-exclusion-cumbre-washington-consolida-antagonista-trump/1003743896166_0.html,https://s1.elespanol.com/2025/08/22/actualidad/1003743896443_258171862_1706x960.jpg,"Una de las principales fortalezas de Pedro Sánchez, quizás la mayor, en sus siete años al frente del Gobierno ha sido la política exterior, con presencia en casi todos los foros de decisión.Especialm… [+4314 chars]",2025-08-23T01:00:24,2025-07-27,2025-08-25
MINEROS,MINEROS,es,Milenio,"Pablo García expresa optimismo en Fuerza Regia previo a la serie ante Mineros: ""El equipo sigue creciendo""",Martha Cedillo,"El equipoFuerza Regia saldrá a defender la casa ante un equipo revelación en la Liga Nacional de Baloncesto Profesional (LNBP), los Mineros de Zacatecas.Los dirigidos por el español Pablo García, saldrán este sábado y domingo a defender la Arena Mobil ante un…",https://www.milenio.com/deportes/basquetbol/pablo-garcia-optimista-previo-a-la-serie-ante-mineros-de-zacatecas,https://cdn.milenio.com/uploads/media/2025/08/22/pablo-garcia-ve-optimismo-fuerza.jpg,"El equipo Fuerza Regia saldrá a defender la casa ante un equipo revelación en la Liga Nacional de Baloncesto Profesional (LNBP), los Mineros de Zacatecas.
Los dirigidos por el español Pablo García, … [+1806 chars]",2025-08-23T00:13:00,2025-07-27,2025-08-25
MINEROS,MINEROS,es,Latercera.com,Accidente de El Teniente y dos candidatas presidenciales: Así fue la cena minera de los industriales de Antofagasta,Matías Vera,"En la cena minera de la Asociación de Industriales de Antofagasta (AIA), participaron las candidatas a la Presidencia Jeannette Jara y Evelyn Matthei, quienes presentaron parte de sus propuestas para el desarrollo del sector.",https://www.latercera.com/pulso/noticia/accidente-de-el-teniente-y-dos-candidatas-presidenciales-asi-fue-la-cena-minera-de-los-industriales-de-antofagasta/,https://www.latercera.com/resizer/v2/AEICTPPLQVGJLPKYN6BIVRXSIE.jpg?auth=1f2f98f786562ece523ae5b6a10208f80030da08c001aab35bb31901d046116d&height=630&width=1200&smart=true,"Este jueves se desarrolló la cena minera de industriales de la región de Antofagasta, en la que las dos de las cartas presidenciales, Jeannette Jara y Evelyn Matthei, entregaron sus propuestas para e… [+4829 chars]",2025-08-23T00:03:23,2025-07-27,2025-08-25
Banco de la República,Banco de la República,es,Montevideo.com.uy,BCU alerta ante publicidad engañosa que usa IA para “promover esquemas fraudulentos”,Montevideo Portal,El organismo advierte que se utiliza la imagen de Orsi y otros integrantes del gobierno para fomentar estafas “de ahorro e inversión”.,https://www.montevideo.com.uy/Noticias/BCU-alerta-ante-publicidad-enganosa-que-usa-IA-para-promover-esquemas-fraudulentos--uc934093,https://imagenes.montevideo.com.uy/imgnoticias/201207/_W933_80/370862.jpg,"El Banco
Central del Uruguay (BCU) emitió un comunicado en el que advierte a la
población acerca de una publicidad engañosa en redes sociales. El clip se vale
de figuras públicas para promover esq… [+1388 chars]",2025-08-22T23:09:00,2025-07-27,2025-08-25
Banco Popular,Banco Popular,es,Forbes.com.mx,El Dow Jones alcanza nivel histórico,Forbes Staff,"Forbes México.
 El Dow Jones alcanza nivel histórico

El principal indicador de Wall Street gana en medio del optimismo por una próxima reducción de las tasas de interés en Estados Unidos.
El Dow Jones alcanza nivel histórico
Forbes Staff",https://forbes.com.mx/el-dow-jones-alcanza-nivel-historico/,https://cdn.forbes.com.mx/2025/08/Wall-Street-EU-mercados-inflacion-precios-mayoristas-EU-2.webp,"Wall Street cerró este viernes con ganancias generalizadas y un récord en el Dow Jones de Industriales, su principal indicador, en medio del optimismo por una próxima reducción de las tasas de interé… [+2971 chars]",2025-08-22T22:58:17,2025-07-27,2025-08-25
Banco de la República,Banco de la República,es,Nacion.com,"‘No existe duda que Bulgarelli le dio $32.000 a una señora para una transacción entre ella y Choreco’, reconoce Rodrigo Chaves",Aarón Sequeira,"El presidente de la República, Rodrigo Chaves, reconoció este viernes, en la Asamblea Legislativa, que no existe ninguna duda de que Christian Bulgarelli le entregó dinero a una persona, Dinna Fernández Vílchez, para el enganche de una casa que sería, finalme…",https://www.nacion.com/politica/no-existe-duda-que-bulgarelli-le-dio-32000-a-una/MTSQCXKIOJAK3L6LKNLMEQD6DA/story/,https://www.nacion.com/resizer/v2/KRNDXVFJBVB45MLSSDOI52HIX4.jpg?smart=true&auth=c047489cdd3b4ac6b8195f0714796c9ac3605bbe2674af615689046d264b8513&width=1440,"El presidente de la República, Rodrigo Chaves, reconoció este viernes, en la Asamblea Legislativa, que no existe ninguna duda de que Christian Bulgarelli le entregó dinero a una persona, Dinna Fernán… [+4143 chars]",2025-08-22T22:01:55,2025-07-27,2025-08-25
BBVA,BBVA,es,Record.com.mx,Liga MX: ¿Cuándo y dónde ver Monterrey vs Necaxa de la Jornada 6 del Apertura 2025?,@record_mexico,El conjunto regiomontano recibirá a los Rayos en la Sultana del Norte,https://www.record.com.mx/futbol/liga-mx/monterrey/liga-mx-cuando-y-donde-ver-monterrey-vs-necaxa-de-la-jornada-6-del,https://www.record.com.mx/sites/default/files/articulos/2025/08/22/liga-mx-cuando-y-donde-ver-monterrey-vs-necaxa-de-la-jornada-6-del-apertura-2025.webp,Los Rayados de Monterrey llegan a la Jornada 6 del Apertura 2025 de la Liga MX con la misión de seguir mostrando su poderío en el torneo. El equipo dirigido por Domènec Torrent ha tenido un arranque … [+1088 chars],2025-08-22T21:56:23,2025-07-27,2025-08-25
BBVA,BBVA,es,Expansion.com,"Sabadell: La prima negativa de la opa cae al 6,2% antes del dividendo",Enrique Utrera,"La opa de BBVA sobre Banco Sabadell encara momentos decisivos. Si se cumple la hoja de ruta del potencial comprador, el folleto revisado y definitivo de la oferta en el que BBVA...",https://www.expansion.com/empresas/banca/2025/08/22/68a8c552e5fdea0c068b459f.html,https://phantom-expansion.uecdn.es/2c59cfb75aa3e8d6d6cedd20d7f5795c/crop/72x0/1915x1229/resize/1200/f/webp/assets/multimedia/imagenes/2025/08/22/17558913236068.jpg,El mercado sigue exigiendo a BBVAuna mejora sustancial del precio de la oferta a pocos días de la entrega del folleto definitivo de la operación.La opa de BBVA sobre Banco Sabadellencara momentos dec… [+3830 chars],2025-08-22T21:52:01,2025-07-27,2025-08-25
Banco Popular,Banco Popular,es,Nacion.com,Tipo de cambio del dólar cierra semana estable,Luis Enrique Brenes,Vea cómo se comportó el tipo de cambio del dólar durante esta semana en el Monex.,https://www.nacion.com/economia/tipo-de-cambio-del-dolar-cierra-semana-estable/EHUSBYCMLNFMNMUJ6FWOINITMA/story/,https://www.nacion.com/resizer/v2/H47VXLNJJNB3XKBYGKV4NA6M3U.jpg?smart=true&auth=7548ba7a2bac100112c4b8480f8107c0c13ffdf92017365666ca0e2ddaae4909&width=1440,El tipo de cambio del dólar respecto al colón cerró este viernes 22 de agosto con un valor muy similar al de la última sesión de la semana pasada en el Mercado de Monedas Extranjeras (Monex).En la jo… [+2512 chars],2025-08-22T21:22:33,2025-07-27,2025-08-25
BBVA,BBVA,es,Expansion.com,Los fondos de Bolsa española más rentables,Sandra Sánchez,Las bolsas de todo el mundo parecen vivir ajenas al clima de incertidumbre a nivel geopolítico que está instalado en todo el mundo. Los índices bursátiles avanzan tocando...,https://www.expansion.com/mercados/fondos/2025/08/22/68a8a95be5fdea0d098b459d.html,https://phantom-expansion.uecdn.es/87a28338dc5cec024d6349b066138b0f/f/webp/assets/multimedia/imagenes/2025/08/22/17558842520534.jpg,Los productos que apuestan por empresas españolas son la opción más atractiva para invertir en renta variable en 2025. Las ganancias llegan hasta el 50%.Las bolsas de todo el mundo parecen vivir ajen… [+10021 chars],2025-08-22T18:56:21,2025-07-27,2025-08-25
BBVA,BBVA,es,El Financiero,Powell impulsa al peso tras ‘abrir la puerta’ a recorte a la tasa: ¿Cuánto se aprecia HOY?,Redacción,"Después de ser presionado por Donald Trump, el presidente de la Fed, Jerome Powell, consideró que el Banco Central de EU tiene que analizar el empleo que ha venido a la baja en los últimos meses.",https://www.elfinanciero.com.mx/mercados/2025/08/22/peso-dolar-precio-hoy-22-de-agosto-de-2025/,https://www.elfinanciero.com.mx/resizer/v2/76KNVTDKPZAT5IDBOT67Z5GPMY.jpeg?smart=true&auth=79663118805642eab6145aab57f6a46471c1acf91573d10e1e29ecedab16ea27&width=1200&height=630,"El peso mexicano reacciona este viernes 22 de agosto ante el discurso de Jerome Powell en Jackson Hole, en el que admitió que la Fed analizará un recorte a la tasa de interés en septiembre. 
¿Cuál e… [+2176 chars]",2025-08-22T18:14:50,2025-07-27,2025-08-25
Banco de la República,Banco de la República,es,Latercera.com,Gobierno evalúa querellarse por ataques a hinchas de Universidad de Chile en Argentina,José Navarrete,"""Mi opinión es que es razonable, hay que ver los mecanismos jurídicos en detalle, pero querellarse contra quienes realizaron este tipo de agresiones"", manifestó el Presidente Gabriel Boric.",https://www.latercera.com/nacional/noticia/gobierno-evalua-querellarse-por-ataques-a-hinchas-de-universidad-de-chile-en-argentina/,https://www.latercera.com/resizer/v2/NLCZLMQX6FH47GLSFXNNJRD4SY.jpg?auth=76678a7c19976bdb4e94f4c5b72cf02e26db59a5f5d28e569fe0656ac4a7b58b&height=630&width=1200&smart=true,El Presidente Gabriel Boric informó que su administración está evaluando una eventual querella por los ataques de barristas de Independiente que terminaron con 19 hinchas de Universidad de Chile hosp… [+2207 chars],2025-08-22T18:13:40,2025-07-27,2025-08-25
Banco de la República,Banco de la República,es,Latercera.com,Boric defiende a Grau de las críticas y afirma que su énfasis será el empleo y la responsabilidad fiscal,David Nogales,"El jefe de Estado destacó la labor de Grau en la ley de permisos sectoriales, el plan de fortalecimiento de la Región de Biobío y la ley de fraccionamiento pesquero.",https://www.latercera.com/pulso/noticia/boric-defiende-a-grau-de-las-criticas-y-afirma-que-su-enfasis-sera-el-empleo-y-la-responsabilidad-fiscal/,https://www.latercera.com/resizer/v2/5RDNXFDHJJCSTLCTSKCFYUSZ7U.jpg?auth=5d176da06f5ca92dbf11e787ce1c093721668b23a834c331f53a8d37953b3a37&height=630&width=1200&smart=true,"El presidente de la República, Gabriel Boric, salió al paso de las críticas y dudas que ha generado en la oposición y algunos sectores del oficialismo el nombramiento de Nicolás Grau como nuevo minis… [+1522 chars]",2025-08-22T17:56:26,2025-07-27,2025-08-25
Banco de la República,Banco de la República,es,La Nacion,Plazo fijo: cuál es la tasa de interés banco por banco este viernes 22 de agosto,LA NACION,El Banco Central de la República Argentina (BCRA) permite a los ahorristas conocer el rendimiento de estos instrumentos de inversión en pesos con una tabla comparativa de tasas,https://www.lanacion.com.ar/economia/plazo-fijo-cual-es-la-tasa-de-interes-banco-por-banco-este-viernes-22-de-agosto-nid22082025/,https://resizer.glanacion.com/resizer/v2/las-tasas-de-interes-de-plazos-fijos-a-30-dias-GFMASHZ6YFB37LBNODMP53YNYM.jpg?auth=f037835c4a74ca27556b8a7b8866ef0e87daf0ddaed3aa5fb665d1c0c261112d&width=1200&quality=70&smart=false&height=800,Latasa de interés de los plazos fijos es útil para los ahorristas que eligen este tipo de instrumentos como un mecanismo para mantener el poder adquisitivo de su dinero depositado. Este viernes 22 de… [+2389 chars],2025-08-22T17:47:54,2025-07-27,2025-08-25
MINEROS,MINEROS,es,Cointelegraph,Interpol coordinó una operación contra mineros de criptomonedas ilegales con base en Angola,Turner Wright,"Una prohibición sobre la minería digital entró en vigor en la nación africana en abril de 2024, tras lo cual funcionarios chinos advirtieron a los residentes que no “apoyaran ni participaran en actividades de minería de moneda virtual”.
 La Organización Inter…",https://es.cointelegraph.com/news/interpol-raid-angola-crypto-miners,"https://images.cointelegraph.com/cdn-cgi/image/format=auto,onerror=redirect,quality=90,width=1200/https://s3.cointelegraph.com/uploads/2025-01/01944d05-044d-73a0-ae9f-7881182b03a1","La Organización Internacional de Policía Criminal, o Interpol, anunció más de mil arrestos y la incautación de aproximadamente 100 millones de dólares como parte de una operación que incluyó a minero… [+2854 chars]",2025-08-22T17:27:57,2025-07-27,2025-08-25
BBVA,BBVA,es,Eleconomista.es,Värde logra recapitalizar Vía Célere: CBRE IM y Cross Ocean Partners inyectan 450 millones en la promotora,elEconomista.es,"Las gestoras CBRE IM y Cross Ocean Partners, firmas con sede en Estados Unidos, junto a otros inversores, han comprometido 450 millones de euros en el fondo Värde, también estadounidense, para impulsar la actividad de su promotora inmobiliaria española, Vía C…",https://www.eleconomista.es/vivienda-inmobiliario/noticias/13514774/08/25/vrde-logra-recapitalizar-via-celere-cbre-im-y-cross-ocean-partners-inyectan-450-millones-en-la-promotora.html,https://s03.s3c.es/imag/_v0/1200x655/a/e/7/viacelere.jpg,"Las gestoras CBRE IM y Cross Ocean Partners, firmas con sede en Estados Unidos, junto a otros inversores, han comprometido 450 millones de euros en el fondo Värde, también estadounidense, para impuls… [+1968 chars]",2025-08-22T17:21:06,2025-07-27,2025-08-25
Banco Santander,Banco Santander,es,Eleconomista.es,Santander mejora sus expectativas sobre el margen de interés en España para este año,Matteo Allievi,La nueva era de relajación de política monetaria comenzada hace más de un año por el Banco Central Europeo (BCE) asestó un golpe más leve de lo esperado a las cuentas de Banco Santander en España hasta junio. El margen de intereses se redujo hasta 3.585 millo…,https://www.eleconomista.es/banca-finanzas/noticias/13514765/08/25/santander-mejora-sus-expectativas-sobre-el-margen-de-interes-en-espana-para-este-ano.html,https://s03.s3c.es/imag/_v0/1200x655/a/4/9/1200x655_santander4.jpg,La nueva era de relajación de política monetaria comenzada hace más de un año por el Banco Central Europeo (BCE) asestó un golpe más leve de lo esperado a las cuentas de Banco Santander en España has… [+3752 chars],2025-08-22T17:12:18,2025-07-27,2025-08-25
MINEROS,MINEROS,es,Www.df.cl,"La proyección de Jara: “Evelyn, capaz que tú y yo nos encontremos en la segunda vuelta. Es tiempo de mujeres en nuestro país”",Patricia Marchetti,Ambas candidatas se encontraron la noche de este jueves en la Cena de Negocios Mineros de la Asociación de Industriales de Antofagasta.,https://www.df.cl/empresas/mineria/la-proyeccion-de-jara-evelyn-capaz-que-tu-y-yo-nos-encontremos-en-la,https://www.df.cl/noticias/site/artic/20250822/imag/foto_0000000320250822115536/WhatsApp_Image_2025-08-22_at_12.jpeg,"Hasta las Ruinas de Huanchaca, en la ciudad de Antofagasta, llegaron las candidatas Jeannette Jara y Evelyn Matthei la noche de este jueves. La cita organizada por la Asociación de Industriales de la… [+4710 chars]",2025-08-22T16:35:00,2025-07-27,2025-08-25
ISA,ISA,es,EL PAÍS,Millie Bobby Brown en en 24 ‘looks’ que explican su evolución personal y estilística de los 13 a los 21,S Moda,"La actriz, que empezó su carrera cuando aún era solo una adolescente, acaba de anunciar que ha adoptado a una niña junto a su esposo, el hijo de Jon Bon Jovi",https://elpais.com/smoda/famosos/2025-08-22/millie-bobby-brown-en-en-24-looks-que-explican-su-evolucion-personal-y-estilistica-de-los-13-a-los-21.html,https://imagenes.elpais.com/resizer/v2/FV56DS7WCBHV5ER6RTJ5WK35XM.jpg?auth=862007189c65492e8497aa01e2a17b013118f20a8932e7e1b632d625d6f968d4&width=1200,"Ir al contenido
 Nació en España, se crio en Reino Unido y su familia entera se mudó a Estados Unidos para perseguir su sueño: ser actriz. En 2015 llegó su gran oportunidad, el personaje de Once, la… [+7382 chars]",2025-08-22T16:19:51,2025-07-27,2025-08-25
ENEL,ENEL,es,Latercera.com,Enel hace positivo balance ante el sistema frontal y confirma interrupciones de suministro “focalizadas”,Paula Pareja,"La compañía eléctrica aseguró que se ha repuesto el servicio en ""la gran mayoría de los clientes afectados"". Además, confirmó que en el transcurso de la tarde se deberían normalizar los casos que faltan.",https://www.latercera.com/nacional/noticia/enel-hace-positivo-balance-ante-el-sistema-frontal-y-confirma-interrupciones-de-suministro-focalizadas/,https://www.latercera.com/resizer/v2/Q6C5H6HYYZD6RHMZBTCY3EGYOE.jpg?auth=ef5a03043aad5a06f833ec590667254fc031db7961112629f1b7375e02198d44&height=630&width=1200&smart=true,Hace varios días la Dirección Meteorológica de Chile (DMC) alertó que un fuerte sistema frontal azotaría a la zona central. Los pronósticos acertaron y desde el jueves comenzaron a sentirse fuertes v… [+1473 chars],2025-08-22T16:18:37,2025-07-27,2025-08-25
BBVA,BBVA,es,Elconfidencial.com,JP Morgan Chase vuelve a elevar su participación en Sabadell al 1% en la recta final de la opa de BBVA,Europa Press,"JP Morgan incrementa su posición en la entidad catalana y vuelve a figurar entre los principales inversores, en medio de movimientos corporativos y expectativas por la inminente oferta pública",https://www.elconfidencial.com/empresas/2025-08-22/jp-morgan-banco-sabadell-bbva-1hms_4195308/,"https://images.ecestaticos.com/B_k4RDqq9oo1llRdULppAvc4Epc=/0x0:2272x1515/600x315/filters:fill(white):format(jpg):quality(99):watermark(f.elconfidencial.com/file/bae/eea/fde/baeeeafde1b3229287b0c008f7602058.png,0,275,1)/f.elconfidencial.com/original/a44/9b6/635/a449b6635a8bb0e4effccea536586b80.jpg","JP Morgan Chase ha elevado su participación en Banco Sabadell al 1,009% y ha vuelto a incluirse en la lista de accionistas significativos de la entidad, en la recta final de la OPA que BBVA quiere la… [+1194 chars]",2025-08-22T16:04:00,2025-07-27,2025-08-25
BBVA,BBVA,es,Elperiodico.com,JP Morgan vuelve a convertirse en accionista significativo del Sabadell en plena OPA hostil de BBVA,Sabina Feijóo Macedo,"El que es el banco más grande de Estados Unidos, y una de las mayores entidades financieras del mundo, ha elevado su participación en Banco Sabadell por encima del 1%. En plena OPA hostil de BBVA, JP Morgan vuelve a apostar por el banco catalán y pasa a figur…",https://www.elperiodico.com/es/economia/20250822/jp-morgan-vuelve-convertirse-accionista-120855070,https://estaticos-cdn.prensaiberica.es/clip/21ea8988-4e62-4a7d-ad61-1ea10c3140dd_16-9-discover-aspect-ratio_default_0.jpg,"El que es el banco más grande de Estados Unidos, y una de las mayores entidades financieras del mundo, ha elevado su participación en Banco Sabadell por encima del 1%. En plena OPA hostil de BBVA, JP… [+1849 chars]",2025-08-22T15:59:26,2025-07-27,2025-08-25
MINEROS,MINEROS,es,Criptonoticias.com,"Los 30 GW de Bitcoin lo hacen invencible frente a Monero, piensa el CEO de Hive",Paulo Márquez,"La cualidad especial de Bitcoin es que es una monumental infraestructura energética descentralizada, según el ingeniero en electrónica.
Leer más",https://www.criptonoticias.com/mineria/bitcoin-no-es-monero-30-gw-aydin-kilic-ceo-hive/,https://www.criptonoticias.com/wp-content/uploads/2025/08/bitcoin-monero-destacada.jpg,"<ul><li>Entrevisté a Aydin Kilic, CEO de Hive Digital Technologies.
</li><li>La minería de Bitcoin es un sistema matemáticamente determinado, según Kilic.
</li></ul>
El 20 de agosto del 2025 entre… [+5520 chars]",2025-08-22T15:04:11,2025-07-27,2025-08-25
ISA,ISA,es,Eldiario.es,HBO Max lanza teaser y muestra las primeras imágenes de la temporada 2 de 'The Pitt',Redacción verTele,"Aclamada por crítica y público y tras revalorizar el género de las series médicas que no atravesaba por su mejor momento, HBO Max ya promociona el regreso de 'The Pitt', aunque su segunda temporada aún se hará esperar
Series semana - Las 15 series de la sema…",https://www.eldiario.es/vertele/videos/trailers-y-avances/hbo-max-lanza-teaser-muestra-primeras-imagenes-temporada-2-the-pitt_7_12551313.html,https://static.eldiario.es/clip/4feccbd6-5665-4378-8ef4-f82100bbca35_facebook-vertele-watermarked-aspect-ratio_default_0.jpg,"Cuando una serie tiene verdadero éxito, y su impacto no sólo se basa en la “percepción de éxito” que habitualmente crean las plataformas para sus estrenos, el cuidado y la promoción que recibe cambia… [+1655 chars]",2025-08-22T14:09:22,2025-07-27,2025-08-25
BBVA,BBVA,es,Excelsior.com.mx,Precio del dólar hoy 22 de agosto: Peso avanza tras datos de inflación,ricardo.lara,"Ricardo Lara / Reuters
El peso mexicano avanzó este viernes 22 de agosto por tercera jornada consecutiva, mientras los inversores asimilaban cifras locales de inflación y del crecimiento económico, en un mercado a la espera de un discurso del jefe de la Rese…",https://www.excelsior.com.mx/nacional/precio-del-dolar-hoy-22-de-agosto-peso-avanza-tras-datos-de-inflacion/1734704,https://www.excelsior.com.mx/media/pictures/2025/08/22/3365424.jpg,"El peso mexicano avanzó este viernes 22 de agosto por tercera jornada consecutiva, mientras los inversores asimilaban cifras locales de inflación y del crecimiento económico, en un mercado a la esper… [+1498 chars]",2025-08-22T14:06:37,2025-07-27,2025-08-25
ISA,ISA,es,Www.abc.es,María del Monte recuerda a su madre en el aniversario de su fallecimiento: «Sé que no quieres que esté triste...»,(abc),"«Hoy hace cuatro años de tu partida. Esto cada vez es más difícil... ». Así comenzaba María del Monte el recuerdo a su madre en el aniversario de su fallecimiento. La ha querido honrar con una sentida carta de homenaje en su Instagram, donde ha demostrado que…",https://www.abc.es/gente/maria-monte-recuerda-madre-aniversario-fallecimiento-quieres-20250822160000-nt.html,https://s3.abcstatics.com/abc/www/multimedia/gente/2025/08/22/maria-del-monte-starlite-U78730875806sbp-1024x512@diario_abc.jpg,«Hoy hace cuatro años de tu partida. Esto cada vez es más difícil...». Así comenzaba María del Monte el recuerdo a su madre en el aniversario de su fallecimiento. La ha querido honrar con una sentida… [+2890 chars],2025-08-22T14:00:01,2025-07-27,2025-08-25
Banco de la República,Banco de la República,es,Nacion.com,En Vivo: Rodrigo Chaves comparece en comisión legislativa por presunta concusión,"Aarón Sequeira, Vanessa Loaiza N.",Conozca lo que sucede en la comisión legislativa especial encargada de determinar si procede levantar la inmunidad al presidente Rodrigo Chaves.,https://www.nacion.com/el-pais/en-vivo-rodrigo-chaves-comparece-en-comision/HONXK42APJAAPAZ7ALVDEHVJNU/story/,https://www.nacion.com/resizer/v2/FYICA3CQJJG5PBR4N7TJRM5G7Y.JPG?smart=true&auth=049457558cbe554f4257b9fe5c6843830f766428d579e6753cdfcdf362171d21&width=1440,"El presidente de la República, Rodrigo Chaves, comparece hoy en el Salón de Expresidentes y Expresidenta de la República, ante la comisión legislativa especial encargada de determinar si procede abri… [+2052 chars]",2025-08-22T13:58:28,2025-07-27,2025-08-25
ENEL,ENEL,es,Culturaocio.com,"Chris Evans estará en Vengadores Doomsday y, según una filtración, es objetivo de Doctor Doom",,"Los Russo siguen filmando a toda potencia Vengadores: Doomsday en Reino Unido, con vistas a estrenarse el 18 de diciembre de 2026. Las informaciones más recientes parecen dejar al descubierto importantes detalles sobre el regreso de dos personajes en la pelíc…",https://www.culturaocio.com/cine/noticia-chris-evans-estara-vengadores-doomsday-filtracion-objetivo-doctor-doom-20250822155740.html,https://img.europapress.es/fotoweb/fotonoticia_20250822155740_1200.jpg,"MADRID, 22 Ago. (CulturaOcio) - 
   Los Russo siguen filmando a toda potenciaVengadores: Doomsday en Reino Unido, con vistas a estrenarse el 18 de diciembre de 2026. Las informaciones más recientes … [+2978 chars]",2025-08-22T13:57:40,2025-07-27,2025-08-25
Banco Popular,Banco Popular,es,Forbes.com.mx,La leyenda del tenis Roger Federer es ahora multimillonario,Justin Birnbaum,"Forbes México.
 La leyenda del tenis Roger Federer es ahora multimillonario

Patrocinios lucrativos y una participación en la marca de calzado On han convertido a la estrella suiza en el séptimo atleta en el club de las tres comas, y una inversión en tecnolog…",https://forbes.com.mx/la-leyenda-del-tenis-roger-federer-es-ahora-multimillonario/,https://cdn.forbes.com.mx/2025/08/Federer.png,"En 2019, Roger Federer se encontraba en la cancha central de Basilea, Suiza, bajo una lluvia de confeti dorado y lágrimas corriendo por su rostro . La emoción era natural tras una victoria en sets se… [+8841 chars]",2025-08-22T13:57:35,2025-07-27,2025-08-25
BBVA,BBVA,es,Elconfidencial.com,MicroBank destina 10 millones a microcréditos de emergencia en ocho CCAA afectadas por los incendios,Servimedia,"Estos préstamos, que cuentan con el respaldo del Fondo Europeo de Inversiones, permiten acceder a importes de hasta 50.000 euros y buscan ofrecer una respuesta rápida a quienes han visto interrumpida su actividad por la emergencia",https://www.elconfidencial.com/empresas/2025-08-22/microbank-microcreditos-emergencia-comunidades-incendios_4195253/,"https://images.ecestaticos.com/r6jN9-ok2Mt-YYswhcTOPjiKRC8=/0x0:1200x800/600x315/filters:fill(white):format(jpg):quality(99):watermark(f.elconfidencial.com/file/bae/eea/fde/baeeeafde1b3229287b0c008f7602058.png,0,275,1)/f.elconfidencial.com/original/1d4/429/1a9/1d44291a92abee19da13ce6dddcedb86.jpg","MicroBank, el banco social de CaixaBank, ha activado una línea especial de microcréditos de emergencia dotada con 10 millones de euros para autónomos y microempresas afectadas por los incendios en oc… [+2775 chars]",2025-08-22T13:46:00,2025-07-27,2025-08-25
ISA,ISA,es,Eldiario.es,Canarias es la comunidad autónoma peor financiada de España en apoyo por colmena a pesar de contar con raza de abeja propia,Gara Santana,"""¿Cómo puede un consejero exigir recursos para el campo canario y al mismo tiempo aceptar que nuestra apicultura quede en el último lugar en financiación?"", se preguntan desde las asociaciones de apicultores
La abeja negra canaria: miel de premio de una raza…",https://www.eldiario.es/canariasahora/eldiario-agricola/agricultura/canarias-comunidad-autonoma-peor-financiada-espana-apoyo-colmena-pesar-contar-raza-abeja-propia_1_12546140.html,https://static.eldiario.es/clip/21341354-6f8c-4463-bec4-2dabafcf4fc6_facebook-watermarked-aspect-ratio_default_0.jpg,"La Intervención Sectorial Apícola (ISA) , instrumento de la Política Agraria Común (PAC) regulado por el Real Decreto 906/2022, tiene como objetivo principal coordinar la lucha contra la varroosis , … [+5927 chars]",2025-08-22T13:35:24,2025-07-27,2025-08-25
Banco Popular,Banco Popular,es,Elconfidencial.com,"Fiestas de El Pardo 2025 en Madrid: fechas, programa completo y horario de los conciertos",Marina Velasco,"Durante más de una semana, el Real Sitio se llenará de propuestas que convertirán a este histórico enclave madrileño en el epicentro de la celebración popular, entre ellas, una exhibición de espuma a cargos de los bomberos",https://www.elconfidencial.com/espana/madrid/2025-08-22/programa-completo-fiestas-el-pardo-2025-fechas-y-todo-lo-que-debes-saber-1tna-1qrt_4195203/,"https://images.ecestaticos.com/ZV2npoKomH8ZU3SepcuZedpvlqw=/0x0:1200x675/600x315/filters:fill(white):format(jpg):quality(99):watermark(f.elconfidencial.com/file/bae/eea/fde/baeeeafde1b3229287b0c008f7602058.png,0,275,1)/f.elconfidencial.com/original/173/c1b/3e2/173c1b3e27cfd7f6e7cd79097fdadf8b.jpg",Descubre un brunch exclusivo en plena Gran Vía de Madrid con cava ilimitado y platos gourmet en la terraza panorámica de un hotel de 5 estrellasPor tiempo limitado: llega a Madrid una experiencia inm… [+5742 chars],2025-08-22T13:06:00,2025-07-27,2025-08-25
BBVA,BBVA,es,El Financiero,Horarios de la jornada 6 Liga MX 2025 HOY: ¿Dónde y a qué hora ver EN VIVO todos los partidos del Apertura 2025?,"Redacción, EFE",¿Cuáles son los partidos de la jornada 6 de la Liga MX en el Apertura 2025? La sexta fecha se disputa del viernes 22 al domingo 24 de agosto.,https://www.elfinanciero.com.mx/deportes/2025/08/22/jornada-6-del-apertura-2025-liga-mx-fechas-horarios-donde-ver-resultados-y-tabla/,https://www.elfinanciero.com.mx/resizer/v2/6ZUZXH3VENHQZEZG55SNSSBC4A.jpg?smart=true&auth=5097d0b9a43df2fafcc2c46df86816865a59b68103ac110da48ee6fd4007e532&width=1200&height=630,"La jornada 6 de la Apertura 2025 de la Liga MX llega este fin de semana con duelos decisivos, luego de que todos los equipos mexicanos quedaron fuera de las semifinales de la Leagues Cup. 
Pachuca d… [+4024 chars]",2025-08-22T13:00:00,2025-07-27,2025-08-25
Banco de la República,Banco de la República,es,Nacion.com,Hacienda enfrenta alta carga de pagos para el cierre del año: conozca los detalles,Arianna Villalobos Solís,El Ministerio de Hacienda ajustó su plan de endeudamiento y aumentó la deuda interna para cubrir obligaciones para finalizar el 2025,https://www.nacion.com/economia/hacienda-enfrenta-alta-carga-de-pagos-para-el/XX4DJMYXMJCA7NCBETBNPOB3ME/story/,https://www.nacion.com/resizer/v2/L4GF73F2SJB3LIL4PGPU7TQWOQ.jpg?smart=true&auth=abb7d9c37825345ebbd32168e578448de549518e7e24d96d8938d5b8930b8a0f&width=1440,"El Ministerio de Haciendaenfrenta una pesada carga de obligaciones de pago al cierre de este año y primeros meses del 2026 por compromisos de títulos valores e intereses de deudas, aguinaldos, salari… [+7811 chars]",2025-08-22T13:00:00,2025-07-27,2025-08-25
MINEROS,MINEROS,es,Criptonoticias.com,Falsean 7 bloques de la red Monero,Paulo Márquez,"Con esta, Qubic ejecutó al menos tres reescrituras del registro contable de Monero.
Leer más",https://www.criptonoticias.com/mineria/falsean-7-bloques-de-la-red-monero-xmr/,https://www.criptonoticias.com/wp-content/uploads/2022/04/moreno.png,"<ul><li>Los comerciantes de Monero podrían estar en peligro de pérdida económica.
</li><li>Qubic no tiene el 51% del hashrate de la red, pero cada vez se acerca más.
</li></ul>
Una vez más, Qubic … [+2778 chars]",2025-08-22T12:51:37,2025-07-27,2025-08-25
MINEROS,MINEROS,es,Hola,"Casi nadie sabe para qué sirven, pero son de lo más útil: este es el misterio de los botones metálicos de tus vaqueros",Ana Toro,Un invento que tiene más de un siglo de historia,https://www.hola.com/al-dia/20250822851585/el-misterio-de-los-botones-metalicos-de-tus-vaqueros/,https://www.hola.com/horizon/landscape/2609806f66f9-gettyimages-2227907382.jpg?im=Resize=(1200),"Los vaqueros son una de esas prendas universales que nunca pasan de moda. Desde su nacimiento en el siglo XIX hasta las pasarelas y el street style de hoy, el denim ha acompañado a generaciones enter… [+2546 chars]",2025-08-22T12:04:00,2025-07-27,2025-08-25
BBVA,BBVA,es,Europapress.es,"Pere Romeu: ""Estoy contento con las primeras tres semanas de pretemporada""",,"El entrenador del Barça Femení, Pere Romeu, ha asegurado este viernes estar ""contento"" con las tres primeras semanas de pretemporada, antes del encuentro que disputará su equipo este sábado (04.30 hora peninsular española) contra un conjunto de Estrellas de l…",https://www.europapress.es/deportes/futbol-00162/noticia-pere-romeu-estoy-contento-primeras-tres-semanas-pretemporada-20250822135226.html,https://img.europapress.es/fotoweb/fotonoticia_20250822135226_1200.jpg,"BARCELONA, 22 Ago. (EUROPA PRESS) - 
   El entrenador del Barça Femení, Pere Romeu, ha asegurado este viernes estar ""contento"" con las tres primeras semanas de pretemporada, antes del encuentro que … [+3582 chars]",2025-08-22T11:52:26,2025-07-27,2025-08-25
BBVA,BBVA,es,Europapress.es,"Ranking Ibex 35: empresas con mayor beneficio y pérdidas en el primer semestre de 2025, a la espera de Inditex y Solaria",,El plazo legal para que las empresas del Ibex 35 comuniquen a la Comisión Nacional del Mercado de Valores (CNMV) sus resultados correspondientes al primer semestre de 2025 está a punto de finalizar. Inditex y Solaria serán las últimas compañías en informar de…,https://www.europapress.es/economia/finanzas-00340/noticia-ranking-ibex-35-empresas-mayor-beneficio-perdidas-primer-semestre-2025-espera-inditex-solaria-20250822133213.html,https://img.europapress.es/fotoweb/fotonoticia_20250822133213_1200.jpg,"MADRID 22 Ago. (EUROPA PRESS) -
El plazo legal para que las empresas del Ibex 35 comuniquen a la Comisión Nacional del Mercado de Valores (CNMV) sus resultados correspondientes al primer semestre de… [+6402 chars]",2025-08-22T11:32:13,2025-07-27,2025-08-25
BBVA,BBVA,es,Milenio,Precio del dólar HOY viernes 22 de agosto de 2025: ¿Cuál es el tipo de cambio en México?,Miriam Ramírez,"El dólar HOY 22 de agosto inicia operaciones con el tipo de cambio interbancario en 18.73 pesos mexicanos por billete verde, con una ligera baja del 0.12 por ciento, según datos de Bloomberg.El peso mexicanose depreciaba ayerdespués de que la minuta del más r…",https://www.milenio.com/negocios/precio-del-dolar-hoy-22-de-agosto-2025-a-cuanto-cotiza-en-vivo-atm,https://cdn.milenio.com/uploads/media/2023/07/17/billete-dolar-estadunidense-aparece-grafico.jpg,"El peso mexicano se depreció levemente con 0.05 por ciento, cerrando la jornada en 18.75 unidades por dólar, ayer jueves 21 de agosto de 2025.
Este escenario ocurrió después de que la minuta del más… [+682 chars]",2025-08-22T11:04:00,2025-07-27,2025-08-25
MINEROS,MINEROS,es,Europapress.es,Ocho detenidos por realizar grafitis en bienes protegidos de las sierras mineras de Cartagena y La Unión,,"La Guardia Civil ha detenido a ocho personas de Madrid y Murcia, con edades comprendidas entre los 29 y los 41 años, por realizar pintadas en Bienes de Interés Cultural (BIC) de las sierras mineras de Cartagena y La Unión, en la Región de Murcia, según inform…",https://www.europapress.es/murcia/noticia-ocho-detenidos-realizar-grafitis-bienes-protegidos-sierras-mineras-cartagena-union-20250822123559.html,https://img.europapress.es/fotoweb/fotonoticia_20250822123559_1200.jpg,"La Guardia Civil ha detenido a ocho personas de Madrid y Murcia, con edades comprendidas entre los 29 y los 41 años, por realizar pintadas en Bienes de Interés Cultural (BIC) de las sierras mineras d… [+1563 chars]",2025-08-22T10:35:59,2025-07-27,2025-08-25
Grupo Energía de Bogotá,Grupo Energía de Bogotá,es,Elperiodico.com,"Arde Bogotá: ""La gente aprecia que hagamos temas más duros o sin límite de tiempo""",Montse Terrasa,"Arde Bogotá actúa este sábado, 23 de agosto, en Son Fusteret. La banda cartagenera formada por Antonio García (voz y guitarra), Pepe Esteban (bajo), Dani Sánchez (guitarra) y Jota Mercader (batería), quien responde a esta entrevista, promete una experiencia t…",https://www.elperiodico.com/es/ocio-y-cultura/20250822/arde-bogota-gente-aprecia-hagamos-120844668,https://estaticos-cdn.prensaiberica.es/clip/fc03b856-f9c9-442e-9d6d-46f084858165_16-9-discover-aspect-ratio_default_0.jpg,"Arde Bogotá actúa este sábado, 23 de agosto, en Son Fusteret. La banda cartagenera formada por Antonio García (voz y guitarra), Pepe Esteban (bajo), Dani Sánchez (guitarra) y Jota Mercader (batería),… [+5537 chars]",2025-08-22T10:27:18,2025-07-27,2025-08-25
BBVA,BBVA,es,Jornada.com.mx,Gabriela Rodríguez *: ¿Se disuelve el sueño americano?,Gabriela Rodríguez *,"Al sellarse la frontera que separa a Estados Unidos de México para migrantes no documentados, pareciera que se desvanece el sueño americano. De 250 mil aprehensiones reportadas por los vecinos del norte en el mes de diciembre de 2023, en marzo de 2025 sólo hu…",https://www.jornada.com.mx/2025/08/22/opinion/014a2pol,https://www.jornada.com.mx/imagemeta/1200x630BN.jpg,"l sellarse la frontera que separa a Estados Unidos de México para migrantes no documentados, pareciera que se desvanece el sueño americano. De 250 mil aprehensiones reportadas por los vecinos del nor… [+4835 chars]",2025-08-22T09:51:58,2025-07-27,2025-08-25
BBVA,BBVA,es,Jornada.com.mx,Gabriela Rodríguez *: ¿Se disuelve el sueño americano?,Gabriela Rodríguez *,"Al sellarse la frontera que separa a Estados Unidos de México para migrantes no documentados, pareciera que se desvanece el sueño americano. De 250 mil aprehensiones reportadas por los vecinos del norte en el mes de diciembre de 2023, en marzo de 2025 sólo hu…",https://www.jornada.com.mx/2025/08/22/politica/014a2pol,https://www.jornada.com.mx/imagemeta/1200x630BN.jpg,"l sellarse la frontera que separa a Estados Unidos de México para migrantes no documentados, pareciera que se desvanece el sueño americano. De 250 mil aprehensiones reportadas por los vecinos del nor… [+4835 chars]",2025-08-22T09:51:58,2025-07-27,2025-08-25
ENEL,ENEL,es,La Nacion,"Las guerreras del K-Pop, el fenómeno animado de Netflix que es el más visto de la plataforma y el más escuchado en el mundo",Natalia Trzenko,La película lleva nueve semanas en los primeros puestos de la compañía de streaming y sus canciones dominan los rankings musicales,https://www.lanacion.com.ar/espectaculos/cine/las-guerreras-del-k-pop-el-fenomeno-animado-de-netflix-que-es-el-mas-visto-de-la-plataforma-y-el-mas-nid22082025/,https://resizer.glanacion.com/resizer/v2/una-imagen-de-las-guerreras-del-k-pop-el-gran-WDZN5PLNNNDIVEFBO2RSLKZQAM.jpg?auth=3dbbadb9cf4e7dc08eade6aef42000f192be513c246a4a6691cfba8d8ee90072&width=1200&height=503&quality=70&smart=false&focal=926%2C245,"La película de animación más exitosa en lo que va de 2025 tiene más en común con El juego del calamar que con las princesas de Disney, los juguetes de Pixar o los Minions de Universal, líderes habitu… [+7682 chars]",2025-08-22T09:00:01,2025-07-27,2025-08-25
MINEROS,MINEROS,es,Www.df.cl,El potencial de la computación espacial para mitigar riesgos de seguridad y optimizar las operaciones mineras,Marco Zecchetto,"La industria ya aplica tecnologías inmersivas, IoT y gemelos digitales para capacitación, simulación de escenarios y prevención, pero hay desafíos.",https://www.df.cl/df-lab/tech-negocios/el-potencial-de-la-computacion-espacial-para-mitigar-riesgos-de-seguridad-y,https://www.df.cl/noticias/site/artic/20250821/imag/foto_0000000520250821183825/Credito-Minverso.jpg,"El derrumbe al interior de la mina El Teniente, de Codelco, que dejó a seis trabajadores fallecidos, abrió el debate respecto de la seguridad en las faenas mineras. En este contexto, las soluciones t… [+4961 chars]",2025-08-22T08:00:00,2025-07-27,2025-08-25
BBVA,BBVA,es,Elperiodico.com,"El Ibex 35 pierde un 0,2% y se aleja de los 15.300 puntos",EP,"El Ibex 35 abrió la sesión de este viernes con un descenso del 0,2% que llevó al selectivo hasta los 15.273 enteros, perdiendo de nuevo los 15.300 puntos, en una jornada que contará con el presidente de la Reserva Federal de Estados Unidos (Fed), Jerome Powel…",https://www.elperiodico.com/es/economia/20250822/ibex-35-resultados-bolsa-viernes-22-agosto-120839670,https://estaticos-cdn.prensaiberica.es/clip/1653affa-466e-495c-bdc6-9fdcfe4d8ebf_16-9-discover-aspect-ratio_default_0.jpg,"El Ibex 35 abrió la sesión de este viernes con un descenso del 0,2% que llevó al selectivo hasta los 15.273 enteros, perdiendo de nuevo los 15.300 puntos, en una jornada que contará con el presidente… [+3811 chars]",2025-08-22T07:47:42,2025-07-27,2025-08-25
BBVA,BBVA,es,Europapress.es,"El Ibex 35 cae un 0,2% en la apertura y se despide de los 15.300 puntos a la espera de Powell",,"El Ibex 35 abrió la sesión de este viernes con un descenso del 0,2% que llevó al selectivo hasta los 15.273 enteros, perdiendo de nuevo los 15.300 puntos, en una jornada que contará con el presidente de la Reserva Federal de Estados Unidos (Fed), Jerome Powel…",https://www.europapress.es/economia/bolsa-00348/noticia-ibex-35-cae-02-apertura-despide-15300-puntos-espera-powell-20250822091341.html,https://img.europapress.es/fotoweb/fotonoticia_20250822091341_1200.jpg,"MADRID 22 Ago. (EUROPA PRESS) - 
 El Ibex 35 abrió la sesión de este viernes con un descenso del 0,2% que llevó al selectivo hasta los 15.273 enteros, perdiendo de nuevo los 15.300 puntos, en una jo… [+3856 chars]",2025-08-22T07:13:41,2025-07-27,2025-08-25
BBVA,BBVA,es,Mundodeportivo.com,"Alexia: ""¿Jugar en México? Mi presente es pelear con todo en el Barça, pero nunca se sabe""",Ángel Pérez,"El primer equipo femenino del FC Barcelona se encuentra en México para disputar una mini gira de pretemporada con dos compromisos amistosos en el país azteca. En la previa del primero, en el que se medirán a un combinado de estrellas de la Liga BBVA MX Femeni…",https://www.mundodeportivo.com/futbol/fc-barcelona/20250822/1002518479/alexia-jugar-mexico-mi-presente-pelear-barca-nunca.html,https://www.mundodeportivo.com/files/og_thumbnail/uploads/2025/08/22/68a81202ef1a2.jpeg,"El primer equipo femenino del FC Barcelona se encuentra en México para disputar una mini gira de pretemporada con dos compromisos amistosos en el país azteca. En la previa del primero, en el que se m… [+5008 chars]",2025-08-22T06:51:57,2025-07-27,2025-08-25
BBVA,BBVA,es,Excelsior.com.mx,Liga MX anuncia nuevas medidas de seguridad,enrique.lopez,"Enrique López
La Liga MX y la Federación Mexicana de Futbol (FMF) anunciaron una serie de medidas inmediatas para frenar los incidentes violentos que mancharon la Jornada 5 del Apertura 2025, donde se reportaron hechos lamentables en el Estadio Universitario…",https://www.excelsior.com.mx/adrenalina/liga-mx-anuncia-nuevas-medidas-de-seguridad/1734658,https://www.excelsior.com.mx/media/pictures/2025/08/21/3365343.jpg,"La Liga MX y la Federación Mexicana de Futbol (FMF) anunciaron una serie de medidas inmediatas para frenar los incidentes violentos que mancharon la Jornada 5 del Apertura 2025, donde se reportaron h… [+1875 chars]",2025-08-22T05:36:28,2025-07-27,2025-08-25
BBVA,BBVA,es,Www.abc.es,Adiós a las aguas ácidas: Water Challenge prueba su patente para reciclar líquidos en el río Tinto,(abc),"Limpiar las aguas sin importar si están contaminadas desde hace cientos de años. Este es el objetivo de Water Challenge , una 'startup' española que ha logrado financiación europea para probar a escala real un método que tiene patentado en más de 30 países pa…",https://www.abc.es/sevilla/economia/adios-aguas-acidas-water-challenge-prueba-patente-20250822191701-nts.html,https://s2.abcstatics.com/abc/www/multimedia/sevilla/2025/08/16/Interior-planta-modular-de-Water-Challenge(1)-U26521670131tJb-1024x512@diario_abc.jpg,"Limpiar las aguas sin importar si están contaminadas desde hace cientos de años. Este es el objetivo de Water Challenge, una 'startup' española que ha logrado financiación europea para probar a escal… [+3427 chars]",2025-08-22T05:04:25,2025-07-27,2025-08-25
MINEROS,MINEROS,es,Lavozdegalicia.es,Demuestra tú que es falso,César Rodríguez,"Cada catástrofe o emergencia está rodeada de desinformación, de bulos",https://www.lavozdegalicia.es/noticia/opinion/2025/08/21/demuestra-tu-falso/00031755788197425188254.htm,https://img.lavdg.com/sc/JWAVC6sUORpwzsEaQh4KsYsvXug=/1280x/2025/08/21/00121755788462251583565/Foto/j_20250819_203846000.jpg,"Cada catástrofe o emergencia está rodeada de desinformación, de bulos. Lo vimos con la dana o el apagón. Lo vemos con los incendios. Mucha gente cree que puede estar informada solo usando redes socia… [+1082 chars]",2025-08-22T03:00:00,2025-07-27,2025-08-25
ENEL,ENEL,es,Lavozdegalicia.es,"Sé lo que hicisteis, pero quiero volver a verlo: los «millennials» recuperan sus películas favoritas",laura g. del valle,La posironía los ha convertido en largometrajes de culto. Comedias románticas y filmes para adolescentes de los noventa y 2000 vuelven estos meses a los cines,https://www.lavozdegalicia.es/noticia/fugas/2025/08/22/se-hicisteis-quiero-volver-verlo/0003_202508SF22P7991.htm,https://img.lavdg.com/sc/QOInUBwEmqBxgv5IjtJt1ZlqxUA=/1280x/2025/08/21/00121755774602215298731/Foto/j_20250813_144319000.jpg,"Ahora que empezábamos a entender que la máquina de la nostalgia también se escacharra —ahí está la terrible vuelta a la televisión de Sexo en Nueva York reconvertida en And Just Like That—, Hollywood… [+3570 chars]",2025-08-22T03:00:00,2025-07-27,2025-08-25
BBVA,BBVA,es,Milenio,Demanda de crédito en México se estanca en el segundo trimestre: BBVA,Jordan Saucedo,"La institución financiera BBVA México reveló que la demanda de crédito en los bancos con mayor participación de mercado, no percibieron cambios significativos durante el segundo trimestre de 2025, esto a pesar de experimentar crecimientos en diferentes segmen…",https://www.milenio.com/negocios/demanda-decredito-en-mexico-se-estanca-en-el-segundo-trimestre-bbva,https://cdn.milenio.com/uploads/media/2023/10/02/logo-banco-bbva-fachada-sucursal.jpeg,"La institución financiera BBVA México reveló que la demanda de crédito en los bancos con mayor participación de mercado, no percibieron cambios significativos durante el segundo trimestre de 2025, es… [+2358 chars]",2025-08-22T02:22:00,2025-07-27,2025-08-25
BBVA,BBVA,es,Milenio,¿Y el Fan ID? Liga MX decreta nuevas medidas de seguridad; quiere tipificar violencia en los estadios,Rafael Solchaga,"La Liga MX y la Federación Mexicana de Futbol (FMF) anunciaron nuevas medidas de seguridad para los aficionados y buscan que la violencia en los estadios sea tipificado legalmente como un delito grave.A través de un comunicado, la Liga mexicana y la FMF revel…",https://www.milenio.com/futbol/liga-mx/liga-mx-busca-tipificar-la-violencia-en-los-estadios-como-delito-grave,https://cdn.milenio.com/uploads/media/2025/08/21/liga-mx-redoblara-operativos-estadios.jpg,La Liga MX y la Federación Mexicana de Futbol (FMF) anunciaron nuevas medidas de seguridad para los aficionados y buscan que la violencia en los estadios sea tipificado legalmente como un delito grav… [+2336 chars],2025-08-22T02:12:00,2025-07-27,2025-08-25
MINEROS,MINEROS,es,Forbes.com.mx,"Trump considera reasignar 2,000 mdd de la Ley CHIPS para financiar proyectos de minerales críticos",Forbes Staff,"Forbes México.
 Trump considera reasignar 2,000 mdd de la Ley CHIPS para financiar proyectos de minerales críticos

La medida tomaría fondos ya asignados por el Congreso para la investigación de semiconductores y la construcción de fábricas de chips, evitando…",https://forbes.com.mx/trump-considera-reasignar-2000-mdd-de-la-ley-chips-para-financiar-proyectos-de-minerales-criticos/,https://cdn.forbes.com.mx/2021/03/chip.jpg,La administración Trump está considerando un plan para reasignar al menos 2 mil millones de dólares del CHIPS Act para financiar proyectos de minerales críticos y aumentar la influencia del secretari… [+6455 chars],2025-08-22T01:36:34,2025-07-27,2025-08-25
Banco Santander,Banco Santander,es,Milenio,Rappi suma a 150 mil repartidores a la seguridad social del IMSS,Nilsa Hernández,La plataforma colombiana de reparto a domicilio Rappi informó que ha registrado a 150 mil repartidores ante el Instituto Mexicano del Seguro Social (IMSS) tras la reforma en materia de trabajo en plataformas digitales del gobierno federal.En conferencia de pr…,https://www.milenio.com/negocios/rappi-suma-150-mil-repartidores-seguridad-social-imss,https://cdn.milenio.com/uploads/media/2025/07/01/listisimos-cumplir-ley-repartidores-afirma.jpeg,La plataforma colombiana de reparto a domicilio Rappi informó que ha registrado a 150 mil repartidores ante el Instituto Mexicano del Seguro Social (IMSS) tras la reforma en materia de trabajo en pla… [+1536 chars],2025-08-22T01:09:18,2025-07-27,2025-08-25
Banco Popular,Banco Popular,es,Latercera.com,"Álvaro García, el nuevo ministro de Economía que se negó ir a la campaña de Jara",Juan Andrés Quezada,"Naturista y practicante del yoga, regresa al mismo cargo que tuvo durante gran parte del gobierno de Frei. El economista PPD dejó aquel gabinete al mismo tiempo que Ricardo Lagos, justamente para sumarse a su campaña. A comienzos de año, tras un largo periodo…",https://www.latercera.com/politica/noticia/alvaro-garcia-el-nuevo-ministro-de-economia-que-se-nego-ir-a-la-campana-de-jara/,https://www.latercera.com/resizer/v2/NSB2DCSFYJFAHIAEY32PIZK45U.jpg?auth=a07805d30ab8ea7158ec1f40b91530c830344643494a3fb9de843845de236be1&height=630&width=1200&smart=true,"Pese a sus cuatro años como ministro de Economía, Fomento y Reconstrucción del gobierno de Eduardo Frei, Álvaro García (PPD), era -para muchos- el nombre menos conocido del cuarteto escogido por Rica… [+4126 chars]",2025-08-22T00:58:11,2025-07-27,2025-08-25
Banco de la República,Banco de la República,es,Nacion.com,Rodrigo Chaves en audiencia por levantamiento de inmunidad: Diputados reciben informe de magistrado y declaración de Bulgarelli,Aarón Sequeira,"La Comisión especial sobre levantamiento de la inmunidad del presidente de la República, Rodrigo Chaves, y el ministro de Cultura, Jorge Rodríguez, recibió este jueves documentación que había solicitado a la Corte Suprema de Justicia y a la Fiscalía General d…",https://www.nacion.com/politica/rodrigo-chaves-en-audiencia-por-levantamiento-de/XVGHS3JB4ZFKHICWYORCMHTMAY/story/,https://www.nacion.com/resizer/v2/E6R4I6YBAJEJBHZZ45GVMXDKTU.jpg?smart=true&auth=01e017e120c2bcbe65de976b6cb836ad380c0be2b177ded88b53b3646584cbf3&width=1440,"La Comisión especial sobre levantamiento de la inmunidad del presidente de la República, Rodrigo Chaves, y el ministro de Cultura, Jorge Rodríguez, recibió este jueves documentación que había solicit… [+4818 chars]",2025-08-22T00:52:49,2025-07-27,2025-08-25
Banco de la República,Banco de la República,es,Nacion.com,Contralora exige derecho de respuesta a Rodrigo Chaves; pide que sea leído en conferencia de Casa Presidencial,Sofía Sánchez Ramírez,"La contralora Marta Acosta exigió un derecho de rectificación y respuesta al presidente de la República, Rodrigo Chaves, por pronunciar afirmaciones que calificó de falsas, violentas y misóginas.",https://www.nacion.com/politica/contralora-exige-derecho-de-respuesta-a-rodrigo/4TDWXRBSLRFX5BDDVO5CW4CXSE/story/,https://www.nacion.com/resizer/v2/S5RO747OOVFAPGFC2KFKVNR6UY.png?smart=true&auth=5d071b1a0c5024740a19150fd5a55e1a2b36fa482dd6a18e02b1c8d27818369a&width=1440,"La contralora Marta Acosta exigió un derecho de rectificación y respuesta al presidente de la República, Rodrigo Chaves,por pronunciar afirmaciones que calificó de falsas, violentas y misóginas (adve… [+3751 chars]",2025-08-22T00:16:51,2025-07-27,2025-08-25
ENEL,ENEL,es,Expansion.com,Los mejores profesores de la Historia del cine,Álvaro Pérez-Alberca,"Cualquiera que haya ido a la escuela se ha topado alguna vez con un Don Fulanito o una Doña Menganita empeñados en amargarle la vida con logaritmos, perífrasis verbales o reyes...",https://www.expansion.com/directivos/2025/08/22/68a751ce468aeb0b378b4580.html,https://phantom-expansion.uecdn.es/a5b4d91b0a8f25d17b82657eac381ec6/crop/0x0/1280x853/resize/1200/f/webp/assets/multimedia/imagenes/2025/08/21/17557951143361.jpg,Así ha dibujado el séptimo arte la profesión de los maestros y educadores.Cualquiera que haya ido a la escuela se ha topado alguna vez con un Don Fulanito o una Doña Menganita empeñados en amargarle … [+5700 chars],2025-08-21T23:07:18,2025-07-27,2025-08-25
Banco Santander,Banco Santander,es,Expansion.com,CaixaBank capta 140.000 clientes en un solo trimestre,R. Lander,"CaixaBank acelera el ritmo de captación de clientes. En el último trimestre (abril-junio), la entidad registró 140.000 altas en términos netos. El banco estuvo dos años...",https://www.expansion.com/empresas/banca/2025/08/22/68a76459e5fdea59078b457e.html,https://phantom-expansion.uecdn.es/b8f9e0e880fec430991f658d3120c873/crop/185x33/2026x1261/resize/1200/f/webp/assets/multimedia/imagenes/2025/08/21/17557981395558.jpg,"Siete de cada diez usuarios del banco tiene contratados tres o más productos con la entidad, la mayor de España por tamaño de balance.CaixaBank acelera el ritmo de captación de clientes. En el último… [+4120 chars]",2025-08-21T23:01:33,2025-07-27,2025-08-25
Banco de la República,Banco de la República,es,Excelsior.com.mx,"Estos países en Europa no usan euro, te decimos cómo te conviene pagar para no perder",marisela.valencia,"Marisela Valencia
Al momento de viajar, dos puntos clave que debemos conocer son el idioma y la moneda local. Más allá del uso de efectivo, te puede ahorrar dolores de cabeza. Si viajas pronto a Europa, te decimos qué países no usan el euro y cómo te convien…",https://www.excelsior.com.mx/estilo-de-vida/paises-en-europa-que-no-usan-el-euro-monedas-y-como-te-conviene-pagar/1734580,https://www.excelsior.com.mx/media/styles/image1200x630/public/pictures/2025/08/21/3365084.jpg,"Al momento de viajar, dos puntos clave que debemos conocer son el idioma y la moneda local. Más allá del uso de efectivo, te puede ahorrar dolores de cabeza. Si viajas pronto a Europa, te decimos qué… [+5141 chars]",2025-08-21T23:01:20,2025-07-27,2025-08-25
Banco Santander,Banco Santander,es,Expansion.com,Unicaja bate a Indra en rentabilidad del Ibex con dividendo,C.R.,"Indra y Unicaja compiten en el Ibex por el primer puesto de rentabilidad este año. Aunque la empresa española de defensa brilla con una escalada del 96,46% y el banco con un 90,42%, si se tiene en cuenta el retorno total por dividendo la cifra de Unicaja supe…",https://www.expansion.com/mercados/2025/08/22/68a7a1f8e5fdea740a8b4586.html,https://phantom-expansion.uecdn.es/cfa2802133abf65be9255bc2dc79d66f/crop/368x166/2006x1258/resize/1200/f/webp/assets/multimedia/imagenes/2025/08/22/17558169590248.jpg,"Indra y Unicaja compiten en el Ibex por el primer puesto de rentabilidad este año. Aunque la empresa española de defensa brilla con una escalada del 96,46% y el banco con un 90,42%, si se tiene en cu… [+2161 chars]",2025-08-21T22:58:02,2025-07-27,2025-08-25
MINEROS,MINEROS,es,Nacion.com,Exjugador de Alajuelense describe desde México al atacante con la primera ficha para reforzar a la Liga,Fanny Tayver Marín,Todo va muy encaminado para que Liga Deportiva Alajuelense termine de concretar la llegada de un delantero.,https://www.nacion.com/puro-deporte/exjugador-de-alajuelense-describe-desde-mexico-al/RDINWDY7C5HT3KJAOGTQZSY6JI/story/,https://www.nacion.com/resizer/v2/LLRA6I2FEFF5ZE7PZZB6AFA7B4.jpg?smart=true&auth=d45cf83fbd02de9fdc60d4348a07e2893335b35273f8355a5f146e188732c0a0&width=1440,"Liga Deportiva Alajuelense trabaja en concretar la llegada de su nuevo delantero. De varios candidatos que los rojinegros venían siguiendo desde hace tiempo, uno de ellos cuenta con la ficha número u… [+2889 chars]",2025-08-21T21:39:41,2025-07-27,2025-08-25
ENEL,ENEL,es,La Nacion,Encuentran los restos que serían de “Lancelot”: estaban enterrados debajo del lugar menos esperado,LA NACION,Arqueólogos especulan que habrían descubierto la fosa donde se depositaron los restos del famoso caballero medieval retratado en la ficción artúrica,https://www.lanacion.com.ar/lifestyle/en-las-redes/encuentran-los-restos-que-serian-de-lancelot-estaban-enterrados-debajo-del-lugar-menos-esperado-nid21082025/,https://resizer.glanacion.com/resizer/v2/en-polonia-hallaron-la-tumba-de-un-caballero-SMLSCTHVQVHOLPNIQAVXQOZ3EQ.png?auth=84fc136d001e1096633ec0534a5d5d81e455480c9fd6882ff2e93ef7d698e5d2&width=1200&quality=70&smart=false&height=800,"Lancelot du Lac -o simplemente Lancelot- es el personaje principal de la leyenda artúrica, reconocido por su valentía como caballero de la Mesa Redonda y por la historia de drama y tragedia con la re… [+3170 chars]",2025-08-21T21:18:50,2025-07-27,2025-08-25
Banco de la República,Banco de la República,es,Libertaddigital.com,Triste es pedir…pagando impuestos,Anna Grau,"Para qué pago impuestos se preguntan muchos afectados por los incendios en toda España, atónitos ante la impotencia pública para prevenirlos y apagarlos.",https://www.libertaddigital.com/opinion/2025-08-21/anna-grau-triste-es-pedir-pagando-impuestos-7287840/,https://s.libertaddigital.com/2025/08/21/1200/627/ld/ok-trade-republic-kappa-retire-rich-recorte.jpg,"Que sí, que la antipolítica es muy mala. Pero, ¿cómo la prevenimos? ¿En serio, o como los incendios? Leo aquí mismo, en estas páginas, una noticia que me hace reflexionar. Habla de un neobanco online… [+4892 chars]",2025-08-21T20:45:05,2025-07-27,2025-08-25
ISA,ISA,es,Hipertextual,"Mira el primer teaser de ‘The Pitt’, temporada 2: el aclamado drama médico regresa a HBO Max",Gabriel Erard,"The Pitt fue una de las grandes sorpresas de 2025. La serie de HBO Max cosechó excelentes críticas y se convirtió en una de las más vistas de la plataforma, destacando no solo por su realismo sino también por el gran trabajo del elenco que lidera Noah Wyle (E…",http://hipertextual.com/cine-television/the-pitt-temporada-2-trailer-hbo-max/,https://imgs.hipertextual.com/wp-content/uploads/2025/08/The-Pitt-scaled.jpg,"The Pitt fue una de las grandes sorpresas de 2025. La serie de HBO Max cosechó excelentes críticas y se convirtió en una de las más vistas de la plataforma, destacando no solo por su realismo sino ta… [+3477 chars]",2025-08-21T20:37:11,2025-07-27,2025-08-25
Banco de la República,Banco de la República,es,Cnnchile.com,"Lo que dejó el cambio de gabinete: Controversia tras salida de Valenzuela, elogios a Marcel y el arribo de Grau a Hacienda",CNN Chile,"El cientista político Nicolás Freire analizó en CNN Chile los ajustes ministeriales realizados en la administración de Gabriel Boric, en medio de la carrera presidencial y las elecciones parlamentarias.",https://www.cnnchile.com/lodijeronencnn/lo-que-dejo-el-cambio-de-gabinete-controversia-tras-salida-de-valenzuela-elogios-a-marcel-y-el-arribo-de-grau-a-hacienda_20250821/,https://media.cnnchile.com/sites/2/2025/08/A_UNO_1678913-1.jpg,"El cientista político Nicolás Freire analizó en CNN Chile los ajustes ministeriales realizados en la administración de Gabriel Boric, en medio de la carrera presidencial y las elecciones parlamentari… [+1886 chars]",2025-08-21T19:58:53,2025-07-27,2025-08-25
Banco Santander,Banco Santander,es,Excelsior.com.mx,¿Cómo cobrar un premio de Melate?,karla.palacio,"Karla Palacio
Si resultaste ganador en Melate, aquí te explicamos cómo cobrar un premio Melate dentro del plazo, en la sede correcta y con los documentos adecuados. 

Y es que el proceso inicia con la validación del boleto ganador y finaliza con la entrega …",https://www.excelsior.com.mx/estilo-de-vida/como-cobrar-un-premio-de-melate/1734533,https://www.excelsior.com.mx/media/styles/image1200x630/public/pictures/2025/08/21/3364901.jpg,"Si resultaste ganador en Melate, aquí te explicamos cómo cobrar un premio Melate dentro del plazo, en la sede correcta y con los documentos adecuados. 
Y es que el proceso inicia con la validación d… [+4409 chars]",2025-08-21T19:53:07,2025-07-27,2025-08-25
Banco de la República,Banco de la República,es,Montevideo.com.uy,Comediante pidió ayuda para recuperar “monto importante” de dinero transferido por error,Montevideo Portal,La influencer Jimena Márquez contó que giró una suma “que generó un agujero en el presupuesto” y lleva más de 20 días sin respuesta.,https://www.montevideo.com.uy/Pantallazo/Comediante-pidio-ayuda-para-recuperar-monto-importante-de-dinero-transferido-por-error-uc933967,https://imagenes.montevideo.com.uy/imgnoticias/202409/_W768_H512_80/896388.jpg,"La comediante e influencer Jimena Márquez realizó un pedido de ayuda este miércoles tras haber girado un monto de dinero muy importante a una persona equivocada, a la cual ha tratado de contactar hac… [+803 chars]",2025-08-21T19:44:00,2025-07-27,2025-08-25
Banco de la República,Banco de la República,es,Www.df.cl,"Iván González, el polémico abogado que pasó de defender al Fisco a demandarlo",Equipo DF MAS,El abogado ha recibido criticas desde gremios y autoridades por sus recomendaciones en redes sociales.,https://www.df.cl/df-mas/coffee-break/ivan-gonzalez-el-polemico-abogado-que-paso-de-defender-al-fisco-a,https://www.df.cl/noticias/site/artic/20250821/imag/foto_0000002120250821132711/Captura_de_pantalla_2025-08-20_a_la_s_9.png,En los chat de abogados dedicados a las deudas de personas corrían los videos de Iván González Navarrete en tono de broma desde la pandemia. Pero con los meses y el tipo de contenido que difunde el j… [+3922 chars],2025-08-21T19:19:00,2025-07-27,2025-08-25
Banco Popular,Banco Popular,es,Cointelegraph,Inversores asiáticos apuntan destinar 5% de sus portafolios a criptomonedas,Nate Kostar,"Los inversores de alto patrimonio neto en Asia están invirtiendo masivamente en criptomonedas, lo que se suma a un mercado dominado desde hace tiempo por usuarios minoristas en India, Indonesia, Vietnam y más allá.
 Las familias y las family offices adinerada…",https://es.cointelegraph.com/news/wealthy-asian-investors-target-crypto-adoption-broadens,"https://images.cointelegraph.com/cdn-cgi/image/format=auto,onerror=redirect,quality=90,width=1200/https://s3.cointelegraph.com/uploads/2024-12/0193d61c-6066-7c7c-acbf-13b3ffbb9155","Las familias y las family offices adineradas de toda Asia están aumentando sus asignaciones a las criptomonedas, y algunas planean destinar alrededor del 5% de sus portafolios a esta clase de activos… [+4861 chars]",2025-08-21T18:24:40,2025-07-27,2025-08-25
MINEROS,MINEROS,es,Forbes.com.mx,El gen empresario de Francisco I. Madero,Forbes Staff,"Forbes México.
 El gen empresario de Francisco I. Madero

¿Qué tan buenos empresarios son estos descendientes de la familia de Francisco I. Madero? La rentabilidad de su conglomerado chihuahuense compite a nivel global, y la tradición familiar en la política …",https://forbes.com.mx/el-gen-empresario-de-francisco-i-madero/,https://cdn.forbes.com.mx/2025/07/Alvaro-Madero-Chat-GPT-copia-2.webp,"Grupo Hema es una empresa familiar, y su CEO, Álvaro Madero Muñoz es sobrino nieto de Francisco I. Madero, una de las figuras prominentes de la historia mexicana, de esas que están muy vivas en la me… [+8158 chars]",2025-08-21T18:11:35,2025-07-27,2025-08-25
Banco Santander,Banco Santander,es,Eleconomista.es,Mutua da el salto en pensiones y supera a Unicaja en ahorro gestionado,"Aitor Caballero Cortés, Matteo Allievi","Mutua Madrileña da el salto en fondos de pensiones. En estos vehículos financieros, la aseguradora acumuló más de 800 millones de euros, casi un 127% más que en 2022, según datos al cierre del primer semestre recogidos por Inverco.",https://www.eleconomista.es/banca-finanzas/noticias/13513510/08/25/mutua-da-el-salto-en-pensiones-y-supera-a-unicaja-en-ahorro-gestionado.html,https://s03.s3c.es/imag/_v0/1200x655/3/8/5/mutua.jpg,"Mutua Madrileña da el salto en fondos de pensiones. En estos vehículos financieros, la aseguradora acumuló más de 800 millones de euros, casi un 127% más que en 2022, según datos al cierre del primer… [+4531 chars]",2025-08-21T17:28:59,2025-07-27,2025-08-25
ENEL,ENEL,es,Nacion.com,‘¿Quieren un picapiedra?‘: Esteban Alvarado sacude a Saprissa y habla de Wanchope,Milton Montenegro,"Esteban Alvarado, arquero del Deportivo Saprissa,  señaló los errores y pidió más entrega a sus compañeros.",https://www.nacion.com/puro-deporte/quieren-un-picapiedra-esteban-alvarado-sacude-a/PDE4NFSII5BDFGO7E2EO3V3E64/story/,https://www.nacion.com/resizer/v2/ZJRLCWSXBZEF3MMF3ZWTM6J6B4.jpg?smart=true&auth=84aadcee2c7874ca3d8b58bb2aa659a69ce538bfdd1f45d25ba0006fa94d260c&width=1440,"Esteban Alvarado no se mordió la lengua para reconocer en qué están fallando todos en el Deportivo Saprissa. El arquero fue autocrítico y no evadió responsabilidades. Destacó que todos deben dar más,… [+3848 chars]",2025-08-21T16:36:47,2025-07-27,2025-08-25
MINEROS,MINEROS,es,Xataka.com,"El precio del oro está por las nubes así que eso ha creado un nuevo negocio criminal: los ""narcomineros""",Alba Otero,"En Stilfontein, un antiguo pueblo minero de Sudáfrica, los vecinos ya no temen al vacío de los túneles abandonados, sino a los forasteros que llegan en coches cargados de fusiles. “Vienen unos días, compran herramientas, desaparecen”, ha comentado un comercia…",https://www.xataka.com/energia/precio-oro-esta-nubes-asi-que-eso-ha-creado-nuevo-negocio-criminal-narcomineros,https://i.blogs.es/e8470d/ps---plantilla-portadas-xtk/840_560.png,"En Stilfontein, un antiguo pueblo minero de Sudáfrica, los vecinos ya no temen al vacío de los túneles abandonados, sino a los forasteros que llegan en coches cargados de fusiles. Vienen unos días, c… [+5657 chars]",2025-08-21T16:30:46,2025-07-27,2025-08-25
Banco Santander,Banco Santander,es,Eldiario.es,Viaje de Estados Unidos a Navarra para recuperar los restos de su familiar fusilado en 1936,Rodrigo Saiz,"Rosa González ha viajado hasta la comunidad foral para recibir los restos de su tío abuelo Francisco Caneda, nacido en Estados Unidos pero de familia gallega. Ahora los trasladará al cementerio de O Grove (Pontevedra), donde están enterrados su padre y sus he…",https://www.eldiario.es/navarra/viaje-estados-unidos-navarra-recuperar-restos-familiar-fusilado-1936_1_12549219.html,https://static.eldiario.es/clip/61adf3e1-8a3e-413c-81c6-a479715bab0c_facebook-watermarked-aspect-ratio_default_0.jpg,"Rosa González, residente en Nueva York, ha viajado este jueves hasta Berriozar (Navarra) para recuperar los restos de su tío abuelo Francisco Caneda, estadounidese, pero de familia gallega que en 193… [+7371 chars]",2025-08-21T16:27:09,2025-07-27,2025-08-25
Banco de Bogotá,Banco de Bogotá,es,Nacion.com,"Estéreo Picnic 2026: fechas, cambios y cómo conseguir entradas desde cualquier país","Jailine González Gómez, El Tiempo Colombia",Estéreo Picnic 2026: estos son los detalles clave si planea asistir al festival de música.,https://www.nacion.com/viva/estereo-picnic-2026-fechas-cambios-y-como/LWBHW7D4O5BHVGME3GZ7K243KA/story/,https://www.nacion.com/resizer/v2/CJMQ6CDY5RG4FELS4IH4CIZS34.jpeg?smart=true&auth=43564c7ec22687b14c82f61fe159ed85c9f95fd7203546544007600623579819&width=1440,"El Festival Estéreo Picnic celebrará su edición número 15 del 20 al 22 de marzo de 2026 en el Parque Simón Bolívar, en Bogotá. Este recinto, que albergó el evento en 2024 y 2025, se consolida como su… [+1615 chars]",2025-08-21T15:59:00,2025-07-27,2025-08-25
Banco de la República,Banco de la República,es,Www.df.cl,Mario Marcel renuncia sorpresivamente como ministro de Hacienda y La Moneda alista cambio de gabinete,Sebastián Valdenegro y Rodrigo Martínez,La autoridad estuvo en el cargo desde marzo del 2022.,https://www.df.cl/economia-y-politica/gobierno/mario-marcel-renuncia-como-ministro-de-hacienda-cnn-chile,https://www.df.cl/noticias/site/artic/20250821/imag/foto_0000000320250821112234/Aton_1035206.jpg,"Sorpresa total en La Moneda.
El economista Mario Marcel presentó este jueves su renuncia como ministro de Hacienda al Presidente de la República, Gabriel Boric. 
La información fue reportada inicia… [+3740 chars]",2025-08-21T15:18:00,2025-07-27,2025-08-25
Banco Popular,Banco Popular,es,Www.abc.es,'Casper: el último padrino',(abc),"En la cadena Cuatro están echando un documental en tres partes, llevan dos, del temido delincuente ya fallecido Ángel Suarez, alias Casper, titulado 'Casper: el último padrino'. El tipejo tuvo en jaque a la policía, obsesionada con cazarle, treinta años, sien…",https://www.abc.es/cultura/daniel-mugica-casper-ultimo-padrino-20250821165358-nt.html,https://s3.abcstatics.com/abc/www/multimedia/cultura/2025/08/21/casper-kshB--1024x512@diario_abc.JPG,"En la cadena Cuatro están echando un documental en tres partes, llevan dos, del temido delincuente ya fallecido Ángel Suarez, alias Casper, titulado 'Casper: el último padrino'. El tipejo tuvo en jaq… [+1830 chars]",2025-08-21T14:54:48,2025-07-27,2025-08-25
Banco de la República,Banco de la República,es,La Nacion,Plazo fijo: cuál es la tasa de interés banco por banco este jueves 21 de agosto,LA NACION,El Banco Central de la República Argentina (BCRA) permite a los ahorristas conocer el rendimiento de estos instrumentos de inversión en pesos con una tabla comparativa de tasas,https://www.lanacion.com.ar/economia/plazo-fijo-cual-es-la-tasa-de-interes-banco-por-banco-este-jueves-21-de-agosto-nid21082025/,https://resizer.glanacion.com/resizer/v2/las-tasas-de-interes-de-plazos-fijos-a-30-dias-EU5C2ZNLH5DVBBRLIITHKK6FJU.jpg?auth=530289b6d95d66f7c288fcba4a783af3bda4ce9d6f5bcfdbeb0b1e1f57888b80&width=1200&quality=70&smart=false&height=800,Latasa de interés de los plazos fijos es útil para los ahorristas que eligen este tipo de instrumentos como un mecanismo para mantener el poder adquisitivo de su dinero depositado. Este jueves 21 de … [+2386 chars],2025-08-21T14:28:36,2025-07-27,2025-08-25
MINEROS,MINEROS,es,Generación Xbox,Confirmado otro juegazo day one para septiembre con Xbox Game Pass,Adrián Fuentes,"El spin-off de la saga estará disponible en consolas, PC y nube desde el primer día el próximo mes de septiembre.",https://generacionxbox.com/confirmado-otro-juegazo-day-one-para-septiembre-con-xbox-game-pass/,https://generacionxbox.com/wp-content/uploads/2025/07/xbox-game-pass-1-1024x683.png,"El spin-off de la saga estará disponible en consolas, PC y nube desde el primer día el próximo mes de septiembre.
Más historias en la categoría Xbox Game Pass
<table><tr><td>No te pierdas nada y ¡S… [+1542 chars]",2025-08-21T14:23:31,2025-07-27,2025-08-25
ISA,ISA,es,Espinof.com,Vuelve la serie médica del año. El vertiginoso primer tráiler de la temporada 2 de 'The Pitt' nos da cita para principios de 2026,Albertini,"{""videoId"":""x9p7b3q"",""autoplay"":true,""title"":""The Pitt - Primer Trailer de la temporada 2"",""tag"":"""",""duration"":""50""}
 



 Los pelos como escarpias se me han puesto al volver a ver los ajetreados pasillos de la sala de urgencias de 'The Pitt'. La que ha sid…",https://www.espinof.com/trailers/vuelve-serie-medica-ano-vertiginoso-primer-trailer-temporada-2-the-pitt-nos-da-cita-para-principios-2026,https://i.blogs.es/cd6ef7/x720/840_560.jpeg,Los pelos como escarpias se me han puesto al volver a ver los ajetreados pasillos de la sala de urgencias de 'The Pitt'. La que ha sido sin duda la serie médica de este 2025 acaba de anunciar que reg… [+1426 chars],2025-08-21T14:03:52,2025-07-27,2025-08-25
MINEROS,MINEROS,es,Elconfidencial.com,"El Gobierno de Navarra lamenta la retirada del inversor chino de Mina Muga, pero confía en la continuidad del proyecto",Servimedia,"A pesar de ello, el Gobierno foral aseguró que mantiene el respaldo al proyecto de Mina Muga para la extracción de potasa en Navarra y Aragón, uno de los proyectos mineros más relevantes de los últimos años",https://www.elconfidencial.com/espana/2025-08-21/gobierno-navarra-lamenta-retirada-inversor-chino-mina-muga_4194652/,"https://images.ecestaticos.com/ZEu9TnVJ_n4PXckp0FZbfUNFF3k=/0x0:2272x1515/600x315/filters:fill(white):format(jpg):quality(99):watermark(f.elconfidencial.com/file/bae/eea/fde/baeeeafde1b3229287b0c008f7602058.png,0,275,1)/f.elconfidencial.com/original/efa/1fa/b13/efa1fab132d681b39ae1f89d2da57308.jpg","El Gobierno de Navarra, que preside la socialista María Chivite, ha lamentado en las últimas horas la decisión del grupo chino China Minmetals de no seguir adelante con la inversión de unos 270 millo… [+3228 chars]",2025-08-21T13:35:00,2025-07-27,2025-08-25
Banco Santander,Banco Santander,es,Europapress.es,"Instituto Navarro de Memoria busca a familiares de Félix Manzanares de Horcajo de Santiago, represaliado a los 27 años",,"El Instituto Navarro de la Memoria ha hecho un nuevo llamamiento a la colaboración, tanto para la localización de posibles fosas, como para encontrar familiares de fugados y represaliados cuyas muestras genéticas puedan permitir nuevas identificaciones.",https://www.europapress.es/castilla-lamancha/noticia-instituto-navarro-memoria-busca-familiares-felix-manzanares-horcajo-santiago-represaliado-27-anos-20250821150050.html,https://img.europapress.es/fotoweb/fotonoticia_20250821150050_1200.jpg,"PAMPLONA/CUENCA, 21 Ago. (EUROPA PRESS) - 
 El Instituto Navarro de la Memoria ha hecho un nuevo llamamiento a la colaboración, tanto para la localización de posibles fosas, como para encontrar fami… [+7202 chars]",2025-08-21T13:00:50,2025-07-27,2025-08-25
ISA,ISA,es,Culturaocio.com,"El tráiler de la temporada 2 The Pitt, publicado por error por una estrella de la serie",,"La segunda temporada de The Pitt llegará a HBO Max en 2026 y el primer tráiler ya está circulando por redes sociales. Fue la actriz Fiona Dourif, que en la serie da vida a la joven doctora Cassie McKay, quien publicó el avance... y todo apunta a que lo hizo p…",https://www.culturaocio.com/tv/noticia-trailer-temporada-the-pitt-publicado-error-estrella-serie-20250821140037.html,https://img.europapress.es/fotoweb/fotonoticia_20250821140037_1200.jpg,"MADRID, 21 Ago. (CulturaOcio) - 
   La segunda temporada de The Pitt llegará a HBO Max en 2026 y el primer tráiler ya está circulando por redes sociales. Fue la actriz Fiona Dourif, que en la serie … [+1781 chars]",2025-08-21T12:00:37,2025-07-27,2025-08-25
Banco Santander,Banco Santander,es,El Mundo,"Las mejores hipotecas fijas, mixtas y variables de agosto de 2025",EL MUNDO | Kelisto,"Comprar una vivienda es uno de los momentos más importantes de la vida de las personas, pero para ello en la mayoría de ocasiones es necesario pedir una hipoteca. Y elegir cuál...",https://www.elmundo.es/economia/vivienda/2025/08/21/68a6fc81e85ece02628b457b.html,https://phantom-elmundo.uecdn.es/9b4d525e89cd4b7e2a87817c6f0be4eb/resize/1200/f/webp/assets/multimedia/imagenes/2025/08/21/17557766996169.jpg,"Comprar una vivienda es uno de los momentos más importantes de la vida de las personas, pero para ello en la mayoría de ocasiones es necesario pedir una hipoteca. Y elegir cuál es la mejor, puede ser… [+9082 chars]",2025-08-21T11:46:53,2025-07-27,2025-08-25
Banco de la República,Banco de la República,es,Cointelegraph,El Reino Unido sanciona a bancos kirguises y a una red de criptomonedas de 9.300 millones de dólares vinculada a Rusia,Amin Haqshanas,"El Reino Unido sancionó a bancos kirguises, los exchanges de criptomonedas e individuos vinculados a la stablecoin respaldada por el rublo de Rusia.
 El Reino Unido impuso sanciones al sector financiero de Kirguistán y a las redes de criptomonedas que, según …",https://es.cointelegraph.com/news/uk-sanctions-kyrgyz-bank-9-3b-crypto-network-used-by-russia,"https://images.cointelegraph.com/cdn-cgi/image/format=auto,onerror=redirect,quality=90,width=1200/https://s3.cointelegraph.com/uploads/2025-02/019503cb-776e-7aef-9551-be88868ee01e","El Reino Unido impuso sanciones al sector financiero de Kirguistán y a las redes de criptomonedas que, según afirmó, fueron utilizadas por Rusia para eludir las restricciones occidentales, apuntando … [+3326 chars]",2025-08-21T11:33:48,2025-07-27,2025-08-25
Banco de la República,Banco de la República,es,Nacion.com,Costa Rica en alerta: inversión extranjera bajo presión por política arancelaria de Trump,Gustavo Ortega Campos,La política arancelaria de Donald Trump golpea a Costa Rica y genera incertidumbre en la inversión extranjera y el comercio. Expertos analizan el impacto.,https://www.nacion.com/economia/costa-rica-en-alerta-inversion-extranjera-bajo/NUL7PWYHEJB3BFO33FM254XTPA/story/,https://www.nacion.com/resizer/v2/B6YYRTJ5LJGRJLHOOQKSOV7XOY.png?smart=true&auth=554ea1d072d2cc8c0f2a315bf6e53c29cbdf530a6ca920fb57dffec06f162752&width=1440,"Antes de que el Gobierno de Estados Unidos estableciera en abril pasado un arancel del 10% a las exportaciones de más de 160 países incluido Costa Rica, el flujo de inversión extranjera en el país ya… [+7534 chars]",2025-08-21T11:15:00,2025-07-27,2025-08-25
Banco Santander,Banco Santander,es,Milenio,Precio del dólar HOY jueves 21 de agosto 2025 México: ¿Cómo amanece el peso mexicano? | Tipo de cambio,"Miriam Ramírez,Karla Vázquez","El dólar HOY 21 de agosto inicia operaciones con el tipo de cambio interbancario en 18.75 pesos mexicanos por billete verde, con una ligera baja del 0.10 por ciento, según datos de Bloomberg.El peso mexicano avanzó ayer luego de dos sesiones de pérdidas, ante…",https://www.milenio.com/negocios/precio-del-dolar-hoy-21-de-agosto-2025-a-cuanto-cotiza-en-vivo-atm,https://cdn.milenio.com/uploads/media/2025/06/20/enterate-precio-dolar-cotiza-peso-6.jpeg,"El dólar HOY 21 de agosto inicia operaciones con el tipo de cambio interbancario en 18.75 pesos mexicanos por billete verde, con una ligera baja del 0.10 por ciento, según datos de Bloomberg.  
El p… [+640 chars]",2025-08-21T11:14:00,2025-07-27,2025-08-25
Banco Popular,Banco Popular,es,Libertaddigital.com,"Antonio Ledezma: ""Lo que no hizo Pablo Escobar en Colombia o el Chapo Guzmán en México lo ha hecho Maduro""",Javier Romero Jordano,El ex alcalde de Caracas ha analizado en esRadio el despliegue militar de EEUU en el Caribe para luchar contra el narcotráfico venezolano.,https://www.libertaddigital.com/internacional/latinoamerica/2025-08-21/antonio-ledezma-lo-que-no-hizo-pablo-escobar-en-colombia-o-el-chapo-guzman-en-mexico-lo-ha-hecho-maduro-7287721/,https://s.libertaddigital.com/2025/08/21/1200/627/1528x616/ld/nicolas-maduro-venezela-agosto-2025-.jpg,La Administración Trump ha puesto al dictador venezolano Nicolás Maduro en el punto de mira por las conexiones del régimen de Caracas con cárteles de la droga y su papel en las rutas de narcotráfico … [+14303 chars],2025-08-21T09:10:03,2025-07-27,2025-08-25
MINEROS,MINEROS,es,Eldiario.es,Un hallazgo en una mina prehistórica cambia la visión sobre el papel de las mujeres,Ada Sanuy,"El trabajo más duro no recaía necesariamente en los más fuertes, sino en quienes podían ser obligados a desempeñarlo, y estas féminas descubiertas podrían ser una prueba tangible de esta dinámica social y de cómo las relaciones de poder influyeron en la divis…",https://www.eldiario.es/spin/hallazgo-mina-prehistorica-cambia-vision-papel-mujeres-pm_1_12547546.html,https://static.eldiario.es/clip/8c6abafd-22f5-4547-8a88-39704ccf3483_facebook-watermarked-aspect-ratio_default_0.jpg,"El hallazgo de dos mujeres enterradas en antiguas minas de sílex en el bosque de Krumlov, en la actual República Checa, está aportando nuevas claves sobre el papel que desempeñaron las mujeres en las… [+4290 chars]",2025-08-21T09:00:21,2025-07-27,2025-08-25
ENEL,ENEL,es,Europapress.es,La energía solar repite hasta julio de este año como principal fuente de energía en Andalucía,,"La energía solar repite hasta julio de este año como principal fuente de energía en Andalucía, con 481.540 MWh frente a los 345.127 MWh de hidroeléctrica y los 307.930 MWh de eólica. Ya en 2024, de enero a julio,la energía solar se situó a la cabeza de fuente…",https://www.europapress.es/andalucia/noticia-energia-solar-repite-julio-ano-principal-fuente-energia-andalucia-20250821102950.html,https://img.europapress.es/fotoweb/fotonoticia_20250821102950_1200.jpg,"SEVILLA 21 Ago. (EUROPA PRESS) - 
 La energía solar repite hasta julio de este año como principal fuente de energía en Andalucía, con 481.540 MWh frente a los 345.127 MWh de hidroeléctrica y los 307… [+2591 chars]",2025-08-21T08:29:50,2025-07-27,2025-08-25
ISA,ISA,es,Hola,"El primer viaje de Isa Pantoja y Asraf Beno con su hijo Cairo, de dos meses, para enseñarle sus orígenes",María Carraté,La hija de Isabel Pantoja comparte algunas fotos desde el ferry rumbo a Marruecos,https://www.hola.com/actualidad/20250821851326/isa-pantoja-asraf-beno-primer-viaje-hijo/,https://www.hola.com/horizon/landscape/8f697d4bd875-isapi.jpg?im=Resize=(1200),"Cairo, el hijo de Isa Pantoja y Asraf Beno, tiene ya casi dos meses de vida. Los cumplirá mañana, 22 de agosto, pero no lo hará en su casa, sino en un lugar muy especial. La pareja ha puesto rumbo a … [+1968 chars]",2025-08-21T07:55:41,2025-07-27,2025-08-25
Banco Santander,Banco Santander,es,Elperiodico.com,Hasta 16 valores del Ibex se revalorizan más que el propio selectivo en 2025,Celia López,El Ibex 35 pasa en 2025 por un momento dulce. El selectivo encadena sesiones en positivo y en el balance anual ya acumula una revalorización del 31% y se sitúa en los 15.292 puntos. El desempeño de este índice resalta frente al de otras plazas europeas: la Bo…,https://www.elperiodico.com/es/economia/20250821/epc-16-valores-ibex-120786512,https://estaticos-cdn.prensaiberica.es/clip/5e9669d7-f5fb-429d-a7e5-a8920dc115c7_16-9-discover-aspect-ratio_default_0.jpg,El Ibex 35 pasa en 2025 por un momento dulce. El selectivo encadena sesiones en positivo y en el balance anual ya acumula una revalorización del 31% y se sitúa en los 15.292 puntos. El desempeño de e… [+5904 chars],2025-08-21T04:00:17,2025-07-27,2025-08-25
Banco Santander,Banco Santander,es,El Financiero,Ricardo Peralta denuncia intento de fraude desde el número oficial de su banco: ‘No den información’,Redacción,"Ricardo Peralta, exparticipante de 'La Casa de los Famosos México', compartió su experiencia tras casi caer en fraude bancario.",https://www.elfinanciero.com.mx/espectaculos/2025/08/20/ricardo-peralta-denuncia-intento-de-fraude-desde-el-numero-oficial-de-su-banco/,https://www.elfinanciero.com.mx/resizer/v2/KG7C6W4GVVFTZOUICWPGCXDYSM.jpg?smart=true&auth=60d85c78c238b759aec30692082b8c9d222e075350b23b020691d8e5b187fee7&width=1200&height=630,"Ricardo Peralta, exparticipante de La Casa de los Famosos México, compartió su experiencia en su cuenta de Instagram luego de un intento de robo bancario a través de una llamada telefónica del banco … [+3449 chars]",2025-08-21T02:58:06,2025-07-27,2025-08-25
MINEROS,MINEROS,es,Cointelegraph,"¿Es el ""gas"" de Ethereum un obstáculo en Latinoamérica?",Gustavo Godoy,"¿Es el alto costo de las tarifas de Ethereum una barrera para la adopción en América Latina?
 La tecnología de las criptomonedas ha capturado la imaginación de muchos en América Latina, prometiendo un sistema financiero más justo y accesible. Dentro de este u…",https://es.cointelegraph.com/news/is-ethereum-s-gas-a-barrier-in-latin-america,"https://images.cointelegraph.com/cdn-cgi/image/format=auto,onerror=redirect,quality=90,width=1200/https://s3.cointelegraph.com/uploads/2025-08/0198ca8a-23ad-7709-a752-4b95d41eb7ed","La tecnología de las criptomonedas ha capturado la imaginación de muchos en América Latina, prometiendo un sistema financiero más justo y accesible. Dentro de este universo, Ethereum se ha destacado … [+6586 chars]",2025-08-21T02:57:25,2025-07-27,2025-08-25
Banco de la República,Banco de la República,es,Cointelegraph,El gran dilema de Colombia: Controlar la inflación o impulsar el crecimiento,Gustavo Godoy,"¿Cuál es la disyuntiva para Colombia entre controlar la inflación o estimular el crecimiento económico?
 La economía colombiana se encuentra en una encrucijada crucial. Ante un panorama de precios persistentemente elevados, el Banco de la República, la autori…",https://es.cointelegraph.com/news/colombia-s-great-dilemma-controlling-inflation-or-boosting-growth,"https://images.cointelegraph.com/cdn-cgi/image/format=auto,onerror=redirect,quality=90,width=1200/https://s3.cointelegraph.com/uploads/2025-06/0197aea8-6dab-7c75-b686-849acbdc11b6","La economía colombiana se encuentra en una encrucijada crucial. Ante un panorama de precios persistentemente elevados, el Banco de la República, la autoridad monetaria del país, ha optado por mantene… [+6686 chars]",2025-08-21T02:26:41,2025-07-27,2025-08-25
GRUPO ARGOS,GRUPO ARGOS,es,Www.abc.es,El juez pide la extradición del empresario del caso Leire por tener a sueldo a un policía de la Audiencia Nacional,(abc),"El juez Francisco de Jorge ha pedido al Gobierno que reclame a Emiratos Árabes Unidos la extradición del empresario Alejandro Hamlyn -a quien la supuesta 'fontanera' del PSOE, Leire Díez , solicitó datos comprometedores de la Unidad Central Operativa de la Gu…",https://www.abc.es/espana/juez-pide-extradicion-empresario-leire-tener-sueldo-20250821040413-nt.html,https://s1.abcstatics.com/abc/www/multimedia/espana/2025/08/21/hamlynoki-U42356808438xad-1024x512@diario_abc.jpg,"El juez Francisco de Jorge ha pedido al Gobierno que reclame a Emiratos Árabes Unidos la extradición del empresario Alejandro Hamlyn -a quien la supuesta 'fontanera' del PSOE, Leire Díez, solicitó da… [+5872 chars]",2025-08-21T02:04:14,2025-07-27,2025-08-25
ENEL,ENEL,es,Latercera.com,Santiago se alista para recibir nieve y posibles anegamientos: 21 puntos críticos bajo monitoreo,Maximiliano Estrada,"La Región Metropolitana se prepara para un fuerte sistema frontal que traerá nieve y bajas temperaturas. Autoridades han activado planes de emergencia, reforzado cuadrillas de contingencia y coordinado con servicios esenciales para minimizar riesgos.",https://www.latercera.com/nacional/noticia/santiago-se-alista-para-recibir-nieve-y-posibles-anegamientos-21-puntos-criticos-bajo-monitoreo/,https://www.latercera.com/resizer/v2/GSBAYPACQRBVVNXHE3VGGV7YFQ.jpg?auth=35dc2899bee2f0113417b7e72440ca31e0ce750b3c176bf767b537e57f43dd63&height=630&width=1200&smart=true,La Región Metropolitana se prepara para un fenómeno poco habitual: la casi segura caída de nieve en distintas comunas de la capital durante la noche del jueves 21 y la madrugada del viernes 22 de ago… [+5477 chars],2025-08-21T00:27:41,2025-07-27,2025-08-25
Banco Santander,Banco Santander,es,Expansion.com,Bankinter lidera el crecimiento de la banca entre clientes de grandes fortunas,Sandra Sánchez,"La banca española trabaja a pasos agigantados en fortalecer y reestructurar sus servicios de banca privada, con el objetivo de conquistar a los patrimonios más adinerados del...",https://www.expansion.com/empresas/banca/2025/08/21/68a62ffa468aeb99618b456d.html,https://phantom-expansion.uecdn.es/2d3ee78b08d1e6e82fe20695159e15b7/crop/291x235/1414x983/f/webp/assets/multimedia/imagenes/2025/08/20/17557252527807.jpg,"Bankinter eleva durante el primer semestre del año un 10% el volumen de activos gestionados de grandes clientes, al mayor ritmo de la banca española.La banca española trabaja a pasos agigantados en f… [+5575 chars]",2025-08-21T00:22:24,2025-07-27,2025-08-25
Banco Santander,Banco Santander,es,Milenio,Banxico hilará recortes de 25 puntos base en decisión de septiembre: Citi México,Jordan Saucedo,"El Banco de México (Banxico) continuará con los recortes de 25 puntos base (pb), en su próxima decisión de política monetaria correspondiente al mes de septiembre, proyectaron analistas consultados por Citi México.En su encuesta de expectativas, los 32 partic…",https://www.milenio.com/negocios/banxico-hilara-recortes-25-puntos-base-septiembre-citi,https://cdn.milenio.com/uploads/media/2025/08/19/banxico-informa-billetes-proceso-retiro.jpeg,"El Banco de México (Banxico) continuará con los recortes de 25 puntos base (pb), en su próxima decisión de política monetaria correspondiente al mes de septiembre, proyectaron analistas consultados p… [+2095 chars]",2025-08-20T22:57:34,2025-07-27,2025-08-25
MINEROS,MINEROS,es,Milenio,"""La meta es quedar campeón"": Eduardo Girón, sobre la participación de Fuerza Regia en la Copa LNBP",Martha Cedillo,"En un equipo plagado de estrellas como es Fuerza Regia, el jugador regiomontano Eduardo Girón brilla con su propia luz ganándose minutos y aprovechando las oportunidades que le brinda el coach español Pablo García.""Contento con la serie que tuvimos de visita …",https://www.milenio.com/deportes/basquetbol/eduardo-giron-sobre-la-copa-lnbp-la-meta-es-quedar-campeon,https://cdn.milenio.com/uploads/media/2025/08/20/eduardo-giron-copa-lnbp-meta.jpg,"En un equipo plagado de estrellas como es Fuerza Regia, el jugador regiomontano Eduardo Girón brilla con su propia luz ganándose minutos y aprovechando las oportunidades que le brinda el coach españo… [+1646 chars]",2025-08-20T22:56:03,2025-07-27,2025-08-25
Banco de la República,Banco de la República,es,El Financiero,Baja BBVA a 0.85% comisión a pequeños comercios que acepten tarjeta,Arturo Bárcenas,,https://www.elfinanciero.com.mx/monterrey/2025/08/20/baja-bbva-a-085-comision-a-pequenos-comercios-que-acepten-tarjeta/,https://www.elfinanciero.com.mx/resizer/v2/TZ37QWQRRZBH7JAUSJPREDERWE.jpg?smart=true&auth=21022c800bca663e00cca91c6f814d4c1a23674f377d41731410c1c298a82006&width=1200&height=630,"Como parte de las estrategias para impulsar el crecimiento de los pequeños comercios, la Asociación Nacional de Pequeños Comerciantes (ANPEC) y BBVA México establecieron un acuerdo mediante el cual e… [+1271 chars]",2025-08-20T22:47:36,2025-07-27,2025-08-25
MINEROS,MINEROS,es,Elotrolado.net,Dune: Awakening revela su primera gran actualización que seguirá la historia principal,Benzo,"<table><tr><td></td></tr></table>Dos meses después de su lanzamiento Dune: Awakening se prepara para recibir su primera gran actualización acompañada del primer contenido adicional. Ambos estarán disponibles el 10 de septiembre, la fecha elegida por Funcom pa…",https://www.elotrolado.net/noticias/juegos/dune-awakening-capitulo-2,https://images.elotrolado.net/headers/upload/6/9/69c59b_dune-awakening_news.jpg?1200,"Dos meses después de su lanzamiento Dune: Awakening se prepara para recibir su primera gran actualización acompañada del primer contenido adicional. Ambos estarán disponibles el 10 de septiembre, la … [+2114 chars]",2025-08-20T22:16:41,2025-07-27,2025-08-25
ENEL,ENEL,es,Latercera.com,Las 14 comunas de la RM con corte de luz programado para este jueves,Sandar Estrella Oporto,"Revisa a continuación el detalle con los sectores afectados y horarios de la interrupción del servicio, requerida para la realización de trabajos.",https://www.latercera.com/servicios/noticia/las-14-comunas-de-la-rm-con-corte-de-luz-programado-para-este-jueves/,https://www.latercera.com/resizer/v2/BCKRJAK55FDD7DJDBQYLS5ECMI.jpg?auth=d6d8dd77dd8b336f11a8826de0a732f5fbb4404708f5b20744a83871ef1efda9&height=630&width=1200&smart=true,"La compañía de electricidad Enel anunció una serie de cortes de luz programados para sectores acotados de la Región Metropolitana.
Según indicó la empresa en su sitio web, la interrupción del sumini… [+2240 chars]",2025-08-20T21:33:10,2025-07-27,2025-08-25
MINEROS,MINEROS,es,Cointelegraph,Kraken adquirió Capitalise.ai en medio de compras de startups de IA por parte de empresas cripto,Nate Kostar,"La adquisición de Kraken añadirá automatización de trading en lenguaje natural a su plataforma Pro, a medida que los exchanges, mineras y empresas de análisis avanzan agresivamente hacia la IA.
 El exchange de criptomonedas Kraken ha adquirido la startup isra…",https://es.cointelegraph.com/news/kraken-buys-capitalise-ai-crypto-companies-race-acquire-ai-startups,"https://images.cointelegraph.com/cdn-cgi/image/format=auto,onerror=redirect,quality=90,width=1200/https://s3.cointelegraph.com/uploads/2025-08/0198c934-b180-7d42-9991-5fda5737744c","El exchange de criptomonedas Kraken ha adquirido la startup israelí Capitalise.ai, una plataforma de automatización de trading sin código que convierte comandos de lenguaje natural en estrategias eje… [+3516 chars]",2025-08-20T21:13:32,2025-07-27,2025-08-25
Banco Santander,Banco Santander,es,La Nacion,Travel Sale: qué se va a poder encontrar en el evento de descuentos para viajes,LA NACION,"Distintas agencias permiten financiar vuelos, cruceros y paquetes",https://www.lanacion.com.ar/economia/travel-sale-que-se-va-a-poder-encontrar-en-el-evento-de-descuentos-para-viajes-nid20082025/,https://resizer.glanacion.com/resizer/v2/muchos-argentinos-ya-estan-buscando-pasajes-a-A3XEOHJ6J5F2JLGVZLBT5MH3ZI.jpg?auth=cd12d7bfad4f4382596eac8545f4204b5b1b9d5675ed3c749547c051f61112b4&width=1200&quality=70&smart=false&height=800,Cuotas para viajar al exterior y descuentos en paquetes y cruceros. Estas son algunas de las oportunidades que se podrán aprovechar la próxima semana en la undécima edición del evento de descuentos o… [+2883 chars],2025-08-20T20:12:11,2025-07-27,2025-08-25
Banco Popular,Banco Popular,es,Eldiario.es,Peter Thiel: el milmillonario de ideas peligrosas,Delia Rodríguez,"El fundador de Paypal es cristiano heterodoxo, anarcocapitalista, transhumanista girardiano, gay, apocalíptico y, probablemente, fascista. Su sofisticado pensamiento define al actual Silicon Valley
Este texto forma parte de la revista de elDiario.es 'El mund…",https://www.eldiario.es/tecnologia/peter-thiel-milmillonario-ideas-peligrosas_129_12533243.html,https://static.eldiario.es/clip/13bbfb67-b178-468e-a793-e50407494512_facebook-aspect-ratio_default_0.jpg,"Sobre Peter Thiel, uno de los hombres más importantes de EEUU, son relevantes dos cuestiones: la primera, quién es. La segunda, qué piensa. 
De todos los milmillonarios tecnócratas que respaldan a D… [+15742 chars]",2025-08-20T20:08:31,2025-07-27,2025-08-25
Bancolombia,Bancolombia,es,Milenio,"Cuidado. Alertan por 'smishing', estafa que llega a tu celular por un SMS; consejos para protegerte",Lorely Osorno,"Con el avance de la tecnología también evolucionan las formas de robar información. Hoy en día abundan estafas en línea que buscan engañara los usuarios; una de las más comunes es el 'smishing', un método que utiliza mensajesde texto fraudulentos.El 'smishing…",https://www.milenio.com/tecnologia/smishing-esta-es-la-estafa-por-mensajes-sms-sospechosos,https://cdn.milenio.com/uploads/media/2025/08/20/advierten-estafas-mensajes-texto-ia.jpeg,"Con el avance de la tecnología también evolucionan las formas de robar información. Hoy en día abundan estafas en línea que buscan engañar a los usuarios; una de las más comunes es el 'smishing', un … [+3109 chars]",2025-08-20T20:01:00,2025-07-27,2025-08-25
Banco Popular,Banco Popular,es,Milenio,Nu México anuncia relevo en dirección general; Armando Herrera sustituye a Iván Canales,Jordan Saucedo,"La todavía Sociedad Financiera Popular (Sofipo) Nu México anunció cambios en su dirección general, donde Armando Herrera sustituye a Iván Canales, luego de que este último liderará los últimos tres años a la firma de origen brasileño.En comunicado, la institu…",https://www.milenio.com/negocios/nu-mexico-anuncia-relevo-en-direccion-general,https://cdn.milenio.com/uploads/media/2023/10/20/moody-nu-mexico-desempeno-entro.jpg,"La todavía Sociedad Financiera Popular (Sofipo) Nu México anunció cambios en su dirección general, donde Armando Herrera sustituye a Iván Canales, luego de que este último liderará los últimos tres a… [+2276 chars]",2025-08-20T19:53:00,2025-07-27,2025-08-25
Banco Popular,Banco Popular,es,Nacion.com,¿Cuándo y dónde podrá comprar la nueva moneda coleccionable de ¢50? Aquí los detalles,Óscar Rodríguez,Descubra dónde comprar la nueva moneda coleccionable de ¢50 con un diseño de lagartija. Estará disponible en 15 entidades y su venta es limitada.,https://www.nacion.com/economia/cuando-y-donde-podra-comprar-la-nueva-moneda/D7TJVYWUMJD3HBCBKAX2RCPZJM/story/,https://www.nacion.com/resizer/v2/K27632PXTFH2RMD3ARLWF3K7BQ.jpeg?smart=true&auth=66128ec34941e5a765ef23f4a11293c7a1853449cc427a98320e73b2be15c576&width=1440,"La nueva moneda coleccionable de ¢50 estará disponible a partir del próximo 26 de agosto. La pieza se comercializará en dos presentaciones a un precio de ¢8.650.
Serán un total de 10.000 monedas de … [+1815 chars]",2025-08-20T19:46:52,2025-07-27,2025-08-25
MINEROS,MINEROS,es,Cointelegraph,Ataque del 51% contra Monero impulsó propuesta para reformar su mecanismo de consenso,Vince Quill,"Se han propuesto varias soluciones para reforzar el mecanismo de consenso proof-of-work de Monero para prevenir ataques del 51% en la red.
 La comunidad Monero está explorando una posible revisión de su mecanismo de consenso proof-of-work (PoW) para hacer que…",https://es.cointelegraph.com/news/51-attack-monero-prompts-proposal-overhaul-consensus,"https://images.cointelegraph.com/cdn-cgi/image/format=auto,onerror=redirect,quality=90,width=1200/https://s3.cointelegraph.com/uploads/2025-08/0198c861-3cfe-7825-ba9b-e19fbc21e313","La comunidad Monero está explorando una posible revisión de su mecanismo de consenso proof-of-work (PoW) para hacer que la red sea resistente a los ataques de 51%.
Los miembros de la comunidad sugir… [+3943 chars]",2025-08-20T19:08:51,2025-07-27,2025-08-25
Banco Popular,Banco Popular,es,Cointelegraph,China evalúa stablecoins respaldadas por yuan en un cambio de política importante,Helen Partz,"El gabinete de China revisará una hoja de ruta que incluye stablecoins ancladas al yuan para impulsar la internacionalización de la moneda, según informaron fuentes a Reuters.
 China, una de las jurisdicciones globales más restrictivas para las criptomonedas,…",https://es.cointelegraph.com/news/china-considering-yuan-backed-stablecoins-global-currency-usage,"https://images.cointelegraph.com/cdn-cgi/image/format=auto,onerror=redirect,quality=90,width=1200/https://s3.cointelegraph.com/uploads/2025-08/0198c757-4ee5-7621-ac8f-ffea73d40645","China, una de las jurisdicciones globales más restrictivas para las criptomonedas, estaría considerando permitir stablecoins chinas respaldadas por el yuan, lo que representaría una importante revers… [+3161 chars]",2025-08-20T18:11:58,2025-07-27,2025-08-25
Banco Popular,Banco Popular,es,Nacion.com,Presidente del BN niega vulneración de secreto bancario por filtración de crédito de cliente,Luis Enrique Brenes,Presidente del Banco Nacional compareció en la Asamblea Legislativa y negó que se haya vulnerado el secreto bancario tras la filtración de un crédito.,https://www.nacion.com/economia/presidente-del-bn-niega-vulneracion-de-secreto/TCU2TQ5NGRAWDMLKEJPWDZFJHE/story/,https://www.nacion.com/resizer/v2/DK4VYGCGAJFODPN4LV2W4UBALM.jpg?smart=true&auth=42cde12b3e2447f56d48e84c8325f8b70b7917610e11fd807e51b94ccb07da2c&width=1440,"Maximiliano Alvarado Ramírez, presidente de la Junta Directiva del Banco Nacional (BN), negó que se vulnerara el secreto bancario en la filtración de información sobre un crédito de un cliente, menci… [+4171 chars]",2025-08-20T17:53:00,2025-07-27,2025-08-25
Banco Santander,Banco Santander,es,Eleconomista.es,BBVA y CaixaBank figuran entre los diez bancos europeos más expuestos a los aranceles,Matteo Allievi,"El reciente tira y afloja de Donald Trump con los aranceles ha mantenido en vilo a los inversores, atentos al posible impacto de cada decisión en política comercial. Ante la creciente incertidumbre, bancos, empresas y analistas comenzaron a hacer números para…",https://www.eleconomista.es/banca-finanzas/noticias/13512123/08/25/bbva-y-caixabank-figuran-entre-los-diez-bancos-europeos-mas-expuestos-a-los-aranceles.html,https://s03.s3c.es/imag/_v0/1200x655/7/f/f/1200x655_trump-tarjeta-reuters.jpg,"El reciente tira y afloja de Donald Trump con los aranceles ha mantenido en vilo a los inversores, atentos al posible impacto de cada decisión en política comercial. Ante la creciente incertidumbre, … [+5359 chars]",2025-08-20T17:45:36,2025-07-27,2025-08-25
Banco de la República,Banco de la República,es,La Nacion,Plazo fijo: cuál es la tasa de interés banco por banco este miércoles 20 de agosto,LA NACION,El Banco Central de la República Argentina (BCRA) permite a los ahorristas conocer el rendimiento de estos instrumentos de inversión en pesos con una tabla comparativa de tasas,https://www.lanacion.com.ar/economia/plazo-fijo-cual-es-la-tasa-de-interes-banco-por-banco-este-miercoles-20-de-agosto-nid20082025/,https://resizer.glanacion.com/resizer/v2/las-tasas-de-interes-de-plazos-fijos-a-30-dias-D2S3SXTOCFAELAVHXMRGXKYOWI.jpg?auth=461c9875e690b428703d5a2ddbd4e1bb06b3894a8e929966de29cc8c920a033c&width=1200&quality=70&smart=false&height=800,Latasa de interés de los plazos fijos es útil para los ahorristas que eligen este tipo de instrumentos como un mecanismo para mantener el poder adquisitivo de su dinero depositado. Este miércoles 20 … [+2206 chars],2025-08-20T17:23:22,2025-07-27,2025-08-25
MINEROS,MINEROS,es,Www.df.cl,Trump se reunió con CEO de Rio Tinto y BHP para intensificar su apoyo a proyecto de cobre en Arizona,Bloomberg,"Se trata de Resolution, iniciativa que podría suministrar el 25% de las necesidades anuales de cobre de Estados Unidos, durante 40 años,",https://www.df.cl/internacional/multinacionales/trump-se-reunio-con-ceo-de-rio-tinto-y-bhp-para-intensificar-su-apoyo-a,https://www.df.cl/noticias/site/artic/20250820/imag/foto_0000000620250820130740/2025-08-18T174807Z_1179957034_RC2T9GA8ZAWB_RTRMADP.jpg,"El Presidente de Estados Unidos, Donald Trump, se reunió con los directores ejecutivos de las dos mayores empresas mineras del mundo para discutir un proyecto de cobre que podría abastecer a ese país… [+3650 chars]",2025-08-20T17:18:00,2025-07-27,2025-08-25
ENEL,ENEL,es,La Nacion,El Gobierno lanzó un concurso concesionar las centrales hidroeléctricas sobre los ríos Limay y Neuquén,LA NACION,Se pone en venta cuatro sociedades del Estado que tendrán la concesión de estas instalaciones,https://www.lanacion.com.ar/economia/el-gobierno-lanzo-un-concurso-concesionar-las-centrales-hidroelectricas-sobre-los-rios-limay-y-nid20082025/,https://resizer.glanacion.com/resizer/v2/una-de-las-centrales-hidroelectricas-cuya-UEV2O2L3L5D6XHSFCYJ3JK3U44.JPG?auth=d73eb6ef60b27f3463b43c13ae32c8cf67ac076b82b613cfe2ac70f0623fd0bd&width=1200&quality=70&smart=false&height=800,"El Gobierno lanzó el concurso público mediante el cual ofrece sus acciones sobre las cuatro sociedades, hoy en manos de dos empresas públicas, que concesionarán durante 30 años las represas hidroeléc… [+3147 chars]",2025-08-20T16:58:02,2025-07-27,2025-08-25
Banco de Bogotá,Banco de Bogotá,es,Nacion.com,¿Quiere ir a Estéreo Picnic 2026? Esto es lo que debe saber para la venta de entradas que arranca esta semana,"Jailine González Gómez, El Tiempo Colombia",¿Cómo conseguir entradas para el Estéreo Picnic 2026? Venta general comienza esta semana.,https://www.nacion.com/viva/quiere-ir-a-estereo-picnic-2026-esto-es-lo-que/JB22R4S2AFG73BFJXCS2PQJDME/story/,https://www.nacion.com/resizer/v2/DR3TJ2TPV5CZPNNRAPLETMSWAQ.jpeg?smart=true&auth=4d402ce66eaf4bc62bcdf744641cb415edbf7f1cd12de688f4a306d169f7ec5c&width=1440,"Esta semana comienza la venta de entradas para el Festival Estéreo Picnic 2026, uno de los eventos musicales más relevantes de América Latina. La edición número 15 se realizará los días 20, 21 y 22 d… [+1519 chars]",2025-08-20T16:35:58,2025-07-27,2025-08-25
Banco Popular,Banco Popular,es,Forbes.com.mx,China considera uso de ‘stablecoins’ respaldadas por yuanes para impulsar su moneda globalmente,Forbes Staff,"Forbes México.
 China considera uso de ‘stablecoins’ respaldadas por yuanes para impulsar su moneda globalmente

Ello significaría un cambio significativo respecto a la postura del país asiático hacia los activos digitales.
China considera uso de ‘stablecoins…",https://forbes.com.mx/china-considera-uso-de-stablecoins-respaldadas-por-yuanes-para-impulsar-su-moneda-globalmente/,https://cdn.forbes.com.mx/2015/08/Reuters-mujer-yuanes-e1673356114680.jpg,"China está considerando permitir, por primera vez, el uso de stablecoins respaldadas por yuanes para impulsar una adopción más amplia de su moneda a nivel mundial, según fuentes familiarizadas con el… [+6025 chars]",2025-08-20T16:15:21,2025-07-27,2025-08-25
Banco Santander,Banco Santander,es,Europapress.es,"El Ibex 35 cierra casi plano (-0,08%), pero por debajo de los 15.300 enteros",,"El Ibex 35 ha cerrado finalmente la sesión con un ligero descenso del 0,08% que le ha llevado a caer por debajo de la cota de los 15.300 enteros que consiguió rebasar ayer.",https://www.europapress.es/economia/finanzas-00340/noticia-ibex-35-cierra-casi-plano-008-debajo-15300-enteros-20250820180530.html,https://img.europapress.es/fotoweb/fotonoticia_20250820180530_1200.jpg,"MADRID 20 Ago. (EUROPA PRESS) - 
 El Ibex 35 ha cerrado finalmente la sesión con un ligero descenso del 0,08% que le ha llevado a caer por debajo de la cota de los 15.300 enteros que consiguió rebas… [+2725 chars]",2025-08-20T16:05:30,2025-07-27,2025-08-25
ENEL,ENEL,es,Cnnchile.com,Enel se prepara para el sistema frontal en la Región Metropolitana: Aumentó dotación en terreno y canales de atención,CNN Chile,"Entre este jueves y sábado se pronostican nevadas, precipitaciones y hasta probables tormentas eléctricas.",https://www.cnnchile.com/pais/enel-se-prepara-para-el-sistema-frontal-en-la-region-metropolitana-aumento-dotacion-en-terreno-y-canales-de-atencion_20250820/,https://media.cnnchile.com/sites/2/2025/08/A_UNO_1664901-e1755720032531.jpg,"Entre este jueves y sábado se pronostican nevadas, precipitaciones y hasta probables tormentas eléctricas.Debido al intenso sistema frontal pronosticado para esta semana en la Región Metropolitana, E… [+1482 chars]",2025-08-20T16:02:16,2025-07-27,2025-08-25
Banco Santander,Banco Santander,es,Latercera.com,“Es la riqueza y diversidad de un consejo”: Solange Berstein por votos disidentes de la comisionada Tornel,Maximiliano Villena,"Este año, Tornel ha vatoda de forma distinta al resto del consejo de la CMF en materia de cargos a bancos sistémicos y la normatia sobre pago mínimo de tarjetas de crédito, entre otros.",https://www.latercera.com/pulso/noticia/es-la-riqueza-y-diversidad-de-un-consejo-solange-berstein-por-votos-disidentes-de-la-comisionada-tornel/,https://www.latercera.com/resizer/v2/ZRCTTIFSKRDXTEPMHLMAJ35HAE.jpg?auth=9fafdad9ad549c53222128bbe267f882a0853a3fcecc3ed1b2d34b06298a6793&height=630&width=1200&smart=true,"Una serie de decisiones con voto dividido se han tomado al interior de la Comisión para el Mercado Financiero (CMF), las que incluyen desde sanciones hasta los requerimientos de capital para los banc… [+2560 chars]",2025-08-20T15:50:00,2025-07-27,2025-08-25
Banco de la República,Banco de la República,es,Latercera.com,Gigante checa de energía solar pide su reorganización para evitar la quiebra y acusa “incertidumbre regulatoria” en Chile,Leonardo Cárdenas,"Solek Chile Services explicó que su deuda total alcanza los $116.998 millones, siendo el 66% deuda de financiamiento y 33% correspondiente a proveedores nacionales. Sus tres mayores acreedores son: Toesca Administradora General de Fondos ($24.782 millones), B…",https://www.latercera.com/pulso/noticia/gigante-checa-de-energia-solar-pide-su-reorganizacion-para-evitar-la-quiebra-y-acusa-incertidumbre-regulatoria-en-chile/,https://www.latercera.com/resizer/v2/3DNQXRXEMBFO3PNARAS4AYF5LY.jpg?auth=f7ebee9ba4da855454c2ef8e5869ecba4eb664319088919980643fd40aa15d89&height=630&width=1200&smart=true,"Una profunda crisis financiera atraviesa la empresa de energía solar Solek Chile Services. A fines de abril, BCI Factoring solicitó la quiebra de la compañía con operaciones en Chile y países como Re… [+5426 chars]",2025-08-20T15:45:01,2025-07-27,2025-08-25
Banco Popular,Banco Popular,es,Criptonoticias.com,China apuesta por las stablecoins para desafiar el poder del dólar,Gustavo López,"Ante los desafíos para internacionalizar el yuan, Beijing estudia un giro histórico: este mes podría aprobar stablecoins respaldadas por su divisa.
Leer más",https://www.criptonoticias.com/regulacion/china-stablecoins-yuan-desafiar-poder-dolar/,https://www.criptonoticias.com/wp-content/uploads/2025/08/china-y-japon.jpg,"<ul><li>El gigante asiático estaría por definir criterios para los reguladores locales.
</li><li>Para varias empresas chinas, depender de stablecoins en dólares limita la adopción global del yuan. … [+3481 chars]",2025-08-20T15:23:11,2025-07-27,2025-08-25
Banco de la República,Banco de la República,es,Republica.com,Por qué Washington mira a los puertos de Guatemala,Richie González,"Los espacios de cooperación entre Guatemala y Estados Unidos en materia portuaria se consolidan. Más allá de las distintas apreciaciones que puedan existir sobre el tema —en especial, aquellas vinculadas a la soberanía nacional—, resulta evidente que ambos pa…",https://republica.com/politica/por-que-washington-mira-a-los-puertos-de-guatemala-20258208520,https://cdn.republica.com/082025/1755701571350.jpg?&cw=600&ch=365,"Los espacios de cooperación entre Guatemala y Estados Unidos en materia portuaria se consolidan. Más allá de las distintas apreciaciones que puedan existir sobre el tema —en especial, aquellas vincul… [+5248 chars]",2025-08-20T14:52:00,2025-07-27,2025-08-25
MINEROS,MINEROS,es,Www.df.cl,"Minera controlada por Martín Borda no quiere la quiebra: “Es una empresa viable, pero requiere de una reestructuración”",J. Troncoso Ostornol,"Abogada de la firma cuestionó una resolución judicial. Dijo que la ley busca que “empresas viables puedan continuar con sus operaciones, en resguardo no solo de la economía nacional, sino que también, de la protección de los puestos de trabajo”.",https://www.df.cl/empresas/mineria/minera-controlada-por-martin-borda-no-quiere-la-quiebra-es-una-empresa,https://www.df.cl/noticias/imag/logos/logo-DF-600x600.jpg,"La empresa Sierra Atacama -liderada desde fines del año pasado por Minera Salar Blanco (MSB), del empresario Martín Borda- busca a toda costa evitar la quiebra. La compañía enfrenta un complejo escen… [+4905 chars]",2025-08-20T14:33:00,2025-07-27,2025-08-25
Banco de la República,Banco de la República,es,Nacion.com,"Presidente del Banco Nacional: la coordinación con el gobierno es ‘técnica, no tiene carácter político’",Mónica Cerdas Gómez,"Maximiliano Alvarado, presidente del Banco Nacional, dijo que ‘no se ha coordinado aún con el Poder Ejecutivo aspectos de políticas públicas que impulsen el desarrollo de nuestro país’.",https://www.nacion.com/economia/presidente-del-banco-nacional-coordinacion-con-el/MXIJDL7LSVBFPPEFS6CRMO7S5I/story/,https://www.nacion.com/resizer/v2/32U6QS6CINAJTCXEHSCCD5SOP4.jpg?smart=true&auth=00cf2ccf0118e191ea841276d0dbdd4665413da8d009c99f10718065a74486d6&width=1440,"Ese ha sido el mandato legal y así ha sido expresamente considerado y observado tanto por parte del Poder Ejecutivo como de la Junta Directiva General del Banco (Nacional), apuntó Alvarado en un corr… [+2959 chars]",2025-08-20T14:30:00,2025-07-27,2025-08-25
MINEROS,MINEROS,es,Criptonoticias.com,¿Qué es el Protocolo de Consenso en criptomonedas?,Cristina Cedeño,"El protocolo de consenso no solo valida bloques: define cómo evoluciona una blockchain en el tiempo.
Leer más",https://www.criptonoticias.com/criptopedia/que-es-protocolo-de-consenso-bitcoin-criptomonedas/,https://www.criptonoticias.com/wp-content/uploads/2025/08/Protocolo-Consenso-Bitcoin.png,"El protocolo de consenso es la base sobre la cual se construye cualquier criptomoneda. Sin él, no habría forma de prevenir fraudes, asegurar la continuidad del servicio ni mantener la integridad de u… [+14948 chars]",2025-08-20T13:35:51,2025-07-27,2025-08-25
ISA,ISA,es,Hola,"La lujosa vida de Faiq Bolkiah, sobrino del sultán de Brunéi y futbolista más rico del mundo",Martín Gálvez Piqueras,"A sus 27 años, puede presumir de tener un mayor patrimonio que superestrellas como Cristiano Ronaldo o Leo Messi... aunque no por sus méritos sobre el terreno de juego",https://www.hola.com/actualidad/20250820851182/faiq-bolkiah-sobrino-sultan-brunei-futbolista-mas-rico-mundo/,https://www.hola.com/horizon/landscape/b789f0724c9f-29209214916970560839953056709317415604802041n.jpg?im=Resize=(1200),"Cuando hablamos de los futbolistas más ricos del mundo, lo primero que nos viene a la cabeza con los salarios estratosféricos que estos cobran en sus respectivos clubes. También pensamos en el dinero… [+3003 chars]",2025-08-20T13:29:25,2025-07-27,2025-08-25
Banco Popular,Banco Popular,es,Trendencias.com,"Un experto en finanzas tiene el consejo perfecto para aprovechar tus tarjetas de crédito y mejorar tu historial: ""nunca esperes a la fecha límite de pago""",Joel Calata,"Cuando se habla de tarjetas de crédito, lo primero que muchos piensan es en el miedo a endeudarse o en la confusión de no saber cuándo es mejor pagarlas. Sin embargo, un experto en finanzas ha compartido un consejo que puede marcar la diferencia en tu histori…",https://www.trendencias.com/hombres/experto-finanzas-tiene-consejo-perfecto-para-aprovechar-tus-tarjetas-credito-mejorar-tu-historial-nunca-esperes-a-fecha-limite-pago,https://i.blogs.es/7b76e4/diego-gennaro-suedt1yz5u4-unsplash/840_560.jpeg,"Cuando se habla de tarjetas de crédito, lo primero que muchos piensan es en el miedo a endeudarse o en la confusión de no saber cuándo es mejor pagarlas. Sin embargo, un experto en finanzas ha compar… [+3165 chars]",2025-08-20T13:00:46,2025-07-27,2025-08-25
Banco Popular,Banco Popular,es,Motoryracing.com,La palanca de intermitentes vuelve al Model 3 tras el fiasco más sonado de Elon Musk,Cristóbal Aparicio,Tesla reconoce que se pasó eliminando mandos físicos y ofrece ahora instalar la palanca por 320y#8364;.La palanca de intermitentes vuelve al Model 3 tras el fiasco más sonado de Elon Musk,https://www.motoryracing.com/electricos/noticias/tesla-model-3-palanca-intermitentes-vuelve-fiasco-musk/,https://www.motoryracing.com/images/noticias/portada/37000/37566-s3.jpg,"Hay decisiones que suenan geniales sobre el papel pero que luego, en la vida real, resultan ser un auténtico dolor de cabeza. La eliminación de la palanca de intermitentes del Tesla Model 3 es, proba… [+8995 chars]",2025-08-20T12:02:00,2025-07-27,2025-08-25
MINEROS,MINEROS,es,BeInCrypto,¿Qué es BlockDAG? Una visión técnica de su blockchain híbrida DAG-PoW,Anunciante,"A medida que la industria de la blockchain madura, los usuarios y desarrolladores demandan sistemas que sean tanto seguros como escalables sin añadir complejidad innecesaria. BlockDAG se posiciona como una solución práctica a estas expectativas. Al combinar l…",https://es.beincrypto.com/que-es-blockdag-vision-tecnica/,https://es.beincrypto.com/wp-content/uploads/2025/08/image-from-ios.jpg.webp,"A medida que la industria de la blockchain madura, los usuarios y desarrolladores demandan sistemas que sean tanto seguros como escalables sin añadir complejidad innecesaria. BlockDAG se posiciona co… [+4730 chars]",2025-08-20T12:00:00,2025-07-27,2025-08-25
Banco de la República,Banco de la República,es,Nacion.com,Presidente del BCCR aboga por dar más espacio a las ‘fintechs’ para mejorar la competencia con bancos,Mónica Cerdas Gómez,"Banco Central valora promover los bancos digitales para aumentar la competencia. Sin embargo, la banca tradicional y expertos piden un marco regulatorio claro.",https://www.nacion.com/economia/presidente-del-bccr-banca-digital-fomentaria/3QD6IYLSGND63CLMFTRDYFQ3KU/story/,https://www.nacion.com/resizer/v2/TKT6MGWKA5A3HL6HT35HPIFINA.JPG?smart=true&auth=dcc79fd008b27b2efd6f4a53e403f13193627e7d8260db529e0641648c6c7f23&width=1440,"El Banco Central de Costa Rica (BCCR) se muestra abierto a la incorporación de bancos digitales en el sistema financiero nacional, como una forma de fomentar una mayor competencia. Entre los nuevos a… [+6381 chars]",2025-08-20T11:15:00,2025-07-27,2025-08-25
Banco Santander,Banco Santander,es,Milenio,Precio del dólar HOY 20 de agosto 2025 México: Así 'arranca' el peso mexicano | Tipo de cambio,"Miriam Ramírez,Karla Vázquez","El dólar HOY 20 de agosto inicia operaciones con el tipo de cambio interbancario en 18.78 pesos mexicanos por billete verde, con una ligera baja del 0.19 por ciento, según datos de Bloomberg.El peso mexicano retrocedía ayer, mientras que la bolsa subía, en un…",https://www.milenio.com/negocios/precio-del-dolar-hoy-20-de-agosto-2025-a-cuanto-cotiza-en-vivo-atm,https://cdn.milenio.com/uploads/media/2025/06/20/enterate-precio-dolar-cotiza-peso-5.jpeg,"El dólar HOY 20 de agosto inicia operaciones con el tipo de cambio interbancario en 18.78 pesos mexicanos por billete verde, con una ligera baja del 0.19 por ciento, según datos de Bloomberg.  
El p… [+588 chars]",2025-08-20T11:11:00,2025-07-27,2025-08-25
Banco de la República,Banco de la República,es,Nacion.com,Sala III tramita cifra histórica de causas contra miembros de supremos poderes,Yeryis Salas,"El ingreso de causas contra miembros de supremos poderes a la Sala Tercera aumentó durante el 2025, pero en especial en últimos dos meses.",https://www.nacion.com/sucesos/sala-iii-tramita-cifra-historica-de-causas-contra/QIAVWMJELJAUDHKLSH3Z5DEW7M/story/,https://www.nacion.com/resizer/v2/TH3ZLCL6VRGP5AHO42NJ64UNWI.jpg?smart=true&auth=26067ae8b320e72e8bf1d11e9376f6ab82b59b3b01b676348a799fdf701a6f85&width=1440,"Los expedientes judiciales contra miembros de los supremos poderes, como el presidente, ministros, diputados y magistrados, están colmando los escritorios de la Sala Tercera del Poder Judicial.
Segú… [+5684 chars]",2025-08-20T11:00:00,2025-07-27,2025-08-25
ISA,ISA,es,Formulatv.com,La (r)evolución de Movistar Plus+,Alejandro Rodera,"REPORTAJE Diez años después de la adquisición de Canal+, Movistar Plus+ se ha erigido como un titán que ha dado lustre a la Edad de Oro de las series españolas.La (r)evolución de Movistar Plus+",https://www.formulatv.com/noticias/revolucion-movistar-plus-134351/,https://www.formulatv.com/images/articulos/134000/134351_eaBs6J9ik80zqELmoYPx437tgNevW5FHU-hog.jpg,"La producción de ficción original ha sido una de las señas de identidad que han consolidado la iniciativa audiovisual de Telefónica y, seguramente, la más arriesgada. Frente al deporte, que suponía u… [+18699 chars]",2025-08-20T10:53:04,2025-07-27,2025-08-25
Banco Santander,Banco Santander,es,Europapress.es,"El Ibex 35 permanece prácticamente plano (-0,08%) al mediodía, pero por debajo de los 15.300 puntos",,"El Ibex 35 se mantenía prácticamente plano en la media sesión, con un ligero descenso del 0,08%, moderando así la caída del 0,3% que registraba en la apertura. Sin embargo, no le servía para recuperar la cota de los 15.300 enteros perdidos en los primeros min…",https://www.europapress.es/economia/finanzas-00340/noticia-ibex-35-permanece-practicamente-plano-008-mediodia-debajo-15300-puntos-20250820123545.html,https://img.europapress.es/fotoweb/fotonoticia_20250820123545_1200.jpg,"MADRID 20 Ago. (EUROPA PRESS) - 
 El Ibex 35 se mantenía prácticamente plano en la media sesión, con un ligero descenso del 0,08%, moderando así la caída del 0,3% que registraba en la apertura. Sin … [+2670 chars]",2025-08-20T10:35:45,2025-07-27,2025-08-25
Banco de la República,Banco de la República,es,Expansion.com,La inflación en la eurozona se estabiliza en julio en el objetivo del BCE del 2%,Expansión,"La tasa de inflación anual en la eurozona se estabilizó en julio en el 2%, con lo que se mantiene por segundo mes consecutivo en línea con el objetivo de estabilidad de precios...",https://www.expansion.com/economia/2025/08/20/68a59fa7468aebcc2f8b4590.html,https://phantom-expansion.uecdn.es/7995f8f012f86ce7e062a1bbba2a9389/crop/54x82/2026x1396/resize/1200/f/webp/assets/multimedia/imagenes/2021/06/23/16244373842902.jpg,"La tasa de inflación anual en la eurozona se estabilizó en julio en el 2%, con lo que se mantiene por segundo mes consecutivo en línea con el objetivo de estabilidad de precios a medio plazo por el q… [+4943 chars]",2025-08-20T10:13:01,2025-07-27,2025-08-25
ISA,ISA,es,Meneame.net,"Mar Flores y su hijo, Cristina Cifuentes, Rocío Carrasco, Rosa Benito, Mariló Montero, Alba Carrillo, Isa Pantoja ... La televisión pública llena su ‘prime time’ con famosos en concursos",Meneador_Compulsivo,"Famosos haciendo cosas: bailando, cocinando, conviviendo, sobreviviendo... Esta apuesta dominará la televisión pública en la nueva temporada con tres formatos que RTVE tiene en preparación. Los castings combinan personajes más o menos conocidos que buscan atr…",https://www.meneame.net/m/ocio/mar-flores-hijo-cristina-cifuentes-rocio-carrasco-rosa-benito,https://www.meneame.net//cdn.mnmstatic.net/img/mnm/logo-350x350.png,"Acojonante que se gaste dinero público en esta mierda.Si hacen eso, que vuelva la publicidad por Dios !!!!",2025-08-20T09:36:13,2025-07-27,2025-08-25
Banco de la República,Banco de la República,es,Lavozdegalicia.es,"La inflación en la eurozona se estabilizó en julio en el 2 %, el objetivo del BCE",La Voz,"La tasa se mantuvo por segundo mes consecutivo, con los servicios y los alimentos tirando al alza de los precios",https://www.lavozdegalicia.es/noticia/economia/2025/08/20/inflacion-eurozona-estabilizo-julio-2-objetivo-bce/00031755681808198269859.htm,https://img.lavdg.com/sc/EeOiZ59rqTV2m1zVl05Lh7BuZXw=/1280x/2023/08/14/00121692026881818443658/Foto/eup_20230814_135434863.jpg,"La tasa de inflación anual en la eurozonase estabilizó en julio en el 2 %, con lo que se mantiene por segundo mes consecutivo en línea con el objetivo de estabilidad de precios a medio plazo por el q… [+2673 chars]",2025-08-20T09:34:00,2025-07-27,2025-08-25
Banco Santander,Banco Santander,es,Europapress.es,Un total de 54.630 alumnos se beneficiaron del Programa de Recursos Educativos el pasado curso,,"El Programa de Recursos Educativos de la Consejería de Educación, Formación Profesional y Universidades ha beneficiado este curso 2024-2025 a un total de 54.630 estudiantes de educación básica y Formación Profesional Básica en Cantabria, matriculados en 248 c…",https://www.europapress.es/cantabria/educafp-01324/noticia-total-54630-alumnos-beneficiaron-programa-recursos-educativos-pasado-curso-20250820103455.html,https://img.europapress.es/fotoweb/fotonoticia_20250820103455_1200.jpg,"SANTANDER 20 Ago. (EUROPA PRESS) - 
 El Programa de Recursos Educativos de la Consejería de Educación, Formación Profesional y Universidades ha beneficiado este curso 2024-2025 a un total de 54.630 … [+3004 chars]",2025-08-20T08:34:54,2025-07-27,2025-08-25
Banco Santander,Banco Santander,es,Www.abc.es,"Cuándo se cobran las pensiones en agosto: fecha en Caixabank, Santander, ING, BBVA y resto de bancos",(abc),"Al igual que al cierre de cada mes los trabajadores reciben sus nóminas , los pensionistas también esperan con atención el abono de sus prestaciones . Según los datos más recientes del Ministerio de Inclusión, Seguridad Social y Migraciones, en 2025 más de 10…",https://www.abc.es/economia/cobran-pensiones-agosto-fecha-caixabank-santander-ing-20250821092211-nt.html,https://s3.abcstatics.com/abc/www/multimedia/economia/2025/08/21/cuando-cobra-pensiones-agosto-fecha-bancos-U27251615028YyO-1024x512@diario_abc.jpg,"Al igual que al cierre de cada mes los trabajadores reciben sus nóminas, los pensionistas también esperan con atención el abono de sus prestaciones. Según los datos más recientes del Ministerio de In… [+1932 chars]",2025-08-20T07:22:11,2025-07-27,2025-08-25
Banco de Occidente,Banco de Occidente,es,Eleconomista.es,Algo está fallando en la gran 'fábrica' china: su frenesí industrial no está creando valor económico y tiene fecha de caducidad,Mario Becedas,"Hasta hace unos años, cuando se hablaba de China como la 'fábrica del mundo', la mayoría de la gente pensaba en productos como sencillos juguetes con la pegatina 'Made in china' en su reverso. Ahora, cuando se emplea esa expresión, ya no se piensa solo en per…",https://www.eleconomista.es/economia/noticias/13511010/08/25/algo-esta-fallando-en-la-gran-fabrica-china-su-frenesi-industrial-no-esta-creando-valor-economico-y-tiene-fecha-de-caducidad.html,https://s03.s3c.es/imag/_v0/3150x1719/5/0/8/1200x655_2GKTC3B.jpg,"Hasta hace unos años, cuando se hablaba de China como la 'fábrica del mundo', la mayoría de la gente pensaba en productos como sencillos juguetes con la pegatina 'Made in china' en su reverso. Ahora,… [+7418 chars]",2025-08-20T06:45:51,2025-07-27,2025-08-25
ISA,ISA,es,Www.abc.es,«Cuidar a los que cuidan»,(abc),"«Queremos cuidar a los que nos cuidan». Con estas palabras resume Isa, vecina del pequeño pueblo de Vega de Magaz (León) el objetivo del movimiento que ha liderado junto a María Paz, otra de las residentes, para hacer llegar a los miembros del operativo de in…",https://www.abc.es/espana/castilla-leon/cuidar-cuidan-20250820082942-nt.html,https://s3.abcstatics.com/abc/www/multimedia/espana/2025/08/20/oencia-U82876387003SDW-1024x512@diario_abc.jpg,"«Queremos cuidar a los que nos cuidan». Con estas palabras resume Isa, vecina del pequeño pueblo de Vega de Magaz (León) el objetivo del movimiento que ha liderado junto a María Paz, otra de las resi… [+2365 chars]",2025-08-20T06:29:43,2025-07-27,2025-08-25
Banco Santander,Banco Santander,es,Eldiario.es,Cuándo se cobran las pensiones en agosto de 2025: fechas de ingreso en cada banco,Edu Molina,"Los beneficiarios deben estar atentos a las transferencias que las entidades financieras realizan en diferentes días y verificar posibles incidencias en el proceso
Cuándo se cobra el IMV en agosto

 En agosto de 2025, los pensionistas recibirán el pago mens…",https://www.eldiario.es/economia/tu-economia/cobran-pensiones-agosto-2025-fechas-ingreso-banco_1_12505714.html,https://static.eldiario.es/clip/c6da2890-d38a-458e-857b-86f08861fd65_facebook-watermarked-aspect-ratio_default_0.jpg,"En agosto de 2025, los pensionistas recibirán el pago mensual correspondiente a ese periodo. Aunque la Seguridad Social establece que el pago de las pensiones se realiza entre el 1 y el 4 de cada mes… [+3751 chars]",2025-08-20T06:01:00,2025-07-27,2025-08-25
Banco Popular,Banco Popular,es,Milenio,'Boom' de créditos para vivienda popular incidió en disminución de la pobreza,Concepción Peralta Silverio,"Linda compró su casa antes de la pandemia, un departamento de 60 metros cuadrados en la colonia Buenavista de la alcaldía Cuauhtémoc, con dos habitaciones, dos baños, un balcón y un estacionamiento en un millón 750 mil pesos. Pagó la mitad con ahorros y el re…",https://www.milenio.com/politica/aumento-de-creditos-para-vivienda-impacto-en-disminucion-de-pobreza,https://cdn.milenio.com/uploads/media/2025/08/19/santa-anita-viviendas-estarian-ocupadas.jpg,"Linda compró su casa antes de la pandemia, un departamento de 60 metros cuadrados en la colonia Buenavista de la alcaldía Cuauhtémoc, con dos habitaciones, dos baños, un balcón y un estacionamiento e… [+12820 chars]",2025-08-20T05:53:00,2025-07-27,2025-08-25
Banco de la República,Banco de la República,es,Cointelegraph,Usuarios de WazirX aprobaron otro plan de reestructuración tras rechazo judicial,Stephen Katte,"WazirX ha estado intentando que la Corte Suprema de Singapur apruebe un plan de reestructuración para comenzar a devolver fondos a los usuarios afectados por el hackeo de 234 millones de dólares en 2024.
 Usuarios del exchange de criptomonedas WazirX están po…",https://es.cointelegraph.com/news/wazirx-users-approve-new-restructuring-plan-after-hack,"https://images.cointelegraph.com/cdn-cgi/image/format=auto,onerror=redirect,quality=90,width=1200/https://s3.cointelegraph.com/uploads/2025-03/0195e373-1a45-75ae-b9c6-5192bf9844dd","Usuarios del exchange de criptomonedas WazirX están potencialmente un paso más cerca de recuperar sus fondos más de un año después de un hackeo de 234 millones de dólares al exchange, con el 95% de l… [+4991 chars]",2025-08-20T04:15:01,2025-07-27,2025-08-25
MINEROS,MINEROS,es,Milenio,Pierre Oriola vive su primer entrenamiento con Fuerza Regia,Martha Cedillo,"Aún y con el jet lag encima, el catalán, campeón del mundo con España, Pierre Oriola tuvo su primer entrenamiento con Fuerza Regia en aras de aprender rápido el sistema y adaptarse a él previo a su primera serie en la Liga Nacional de Baloncesto Profesional (…",https://www.milenio.com/deportes/basquetbol/pierre-oriola-vive-entrenamiento-fuerza-regia,https://cdn.milenio.com/uploads/media/2025/08/19/pierre-oriola-vive-entrenamiento-fuerza.jpg,"Aún y con el jet lag encima, el catalán, campeón del mundo con España, Pierre Oriola tuvo su primer entrenamiento con Fuerza Regia en aras de aprender rápido el sistema y adaptarse a él previo a su p… [+1695 chars]",2025-08-20T03:44:00,2025-07-27,2025-08-25
ISA,ISA,es,Lavozdegalicia.es,"«Me despidieron por cuidar de mi hija, que tiene una discapacidad del 44 %»",LUIS CARLOS LLERA,"Isabel Castro, vecina de Gondomar, preside la asociación de hiperplasia suprarrenal congénita, una enfermedad rara que tiene su niña de 10 años",https://www.lavozdegalicia.es/noticia/vigo/gondomar/2025/08/20/me-despidieron-cuidar-hija-discapacidad-44-/0003_202508V20C5991.htm,https://img.lavdg.com/sc/J6g_EIj0pZtwybKcjQRB-XLCj7w=/1280x/2025/08/19/00121755618902701144851/Foto/VG20C5F2_17547.jpg,"Sufre una grave discapacidad y va feliz a entrenar de portera, superando obstáculos. La gondomareña Iria Castro para pelotazos de goma dura protegida por unos parapetos y una máscara. Tiene 10 años y… [+4811 chars]",2025-08-20T03:00:00,2025-07-27,2025-08-25
Banco Santander,Banco Santander,es,Www.abc.es,La banca entra al negocio 'cripto' con la capitalización del mercado en récord,(abc),"Años después de que el término criptomoneda haya llegado al gran público, los bancos entran en el negocio. Para dar ese paso han esperado a que existiera una cierta regulación europea que pudiera poner algo de orden en un mercado muy especulativo, con altos r…",https://www.abc.es/economia/banca-entra-negocio-cripto-capitalizacion-mercado-record-20250819041446-nt.html,https://s1.abcstatics.com/abc/www/multimedia/economia/2025/08/19/logo-bitcoin-U65624218513dyZ-1024x512@diario_abc.jpg,"Años después de que el término criptomoneda haya llegado al gran público, los bancos entran en el negocio. Para dar ese paso han esperado a que existiera una cierta regulación europea que pudiera pon… [+5626 chars]",2025-08-20T02:14:46,2025-07-27,2025-08-25
MINEROS,MINEROS,es,Latercera.com,"Presupuesto 2026: expertos del comité de PIB tendencial proyectan que Hacienda lo fijará entre 2,2% y 2,4%",Carlos Alonso,"El viernes 29 de agosto, el Ministerio de Hacienda entregará los resultados de las proyecciones de PIB de largo plazo y precio del cobre, ambas variables son clave para determinar el espacio del gasto público, en el marco de la elaboración del erario del próx…",https://www.latercera.com/pulso/noticia/presupuesto-2026-expertos-del-comite-de-pib-tendencial-proyectan-que-hacienda-lo-fijara-entre-22-y-24/,https://www.latercera.com/resizer/v2/2VPQFWMPLRFHNMQA4OBT6TYHIU.jpg?auth=d8b9b34cc7bede7954ab51bd2a6d105429e1d14e2c7f3a5f72382c5845363b55&height=630&width=1200&focal=3283%2C1315,"En el marco de la elaboración del Presupuesto fiscal 2026, el jueves pasado los expertos convocados por el Ministerio de Hacienda para proyectar el PIB tendencial y el precio del cobre de largo plazo… [+4813 chars]",2025-08-20T01:08:16,2025-07-27,2025-08-25
Banco Santander,Banco Santander,es,Www.df.cl,"Pionero, el fondo emblema de Moneda Patria, sale a la caza de los inversionistas retail",Cristóbal Muñoz,"Con una campaña publicitaria de seis meses, la gestora impulsó la serie para pequeños aportantes del vehículo, buscando replicar el ejemplo de su estrategia Renta CLP.",https://www.df.cl/mercados/bolsa-monedas/pionero-el-fondo-emblema-de-moneda-patria-sale-a-la-caza-de-los,https://www.df.cl/noticias/site/artic/20250819/imag/foto_0000000520250819183504.jpg,"La gestora Moneda Patria culminó esta semana una campaña publicitaria de su fondo insignia Pionero, cuyo objetivo era aumentar la base de aportantes, incluyendo a un mayor número de inversionistas re… [+4518 chars]",2025-08-20T00:30:00,2025-07-27,2025-08-25
Banco Santander,Banco Santander,es,Expansion.com,Koplowitz carga su cartera de inversiones de deuda bancaria,Sandra Sánchez,"El momento dulce que vive la banca desde hace un par de años ha llevado a los grandes inversores a fijarse en ella, frente a otros grandes negocios. El bancario es el sector más...",https://www.expansion.com/mercados/2025/08/20/68a4e775e5fdea9a058b4583.html,https://phantom-expansion.uecdn.es/0a32d4b2c12a05d0cd00e986cdd62819/crop/61x78/2021x1384/resize/1200/f/webp/assets/multimedia/imagenes/2022/09/29/16644466756828.jpg,"A través de su Sicav, invierte en deuda, desde la más segura a la más arriesgada, de más de una veintena de bancos.El momento dulce que vive la banca desde hace un par de años ha llevado a los grande… [+4329 chars]",2025-08-20T00:25:16,2025-07-27,2025-08-25
Banco Santander,Banco Santander,es,Expansion.com,Así prepara BBVA el nuevo folleto de la opa sobre Sabadell,R. Lander,"En pleno agosto, ejecutivos de BBVA trabajan a contrarreloj para rehacer el borrador del folleto de la opa de Sabadell. El documento fácilmente puede alcanzar las mil páginas,...",https://www.expansion.com/empresas/banca/2025/08/20/68a4b249e5fdea9d058b4589.html,https://phantom-expansion.uecdn.es/cca195ba511db44a86ee311fbefe980f/crop/148x67/1881x1222/resize/1200/f/webp/assets/multimedia/imagenes/2025/08/19/17556239375041.jpg,"Finalizar el documento este mes es necesario para cumplir el calendario, ya que el banco quiere abrir el período de canje de la oferta a inicios de septiembre.En pleno agosto, ejecutivos de BBVA trab… [+5408 chars]",2025-08-20T00:00:47,2025-07-27,2025-08-25
Banco de la República,Banco de la República,es,Nacion.com,Fodesaf se desmarca de error que dejaría sin becas a 346 estudiantes y sin aguinaldo a pensiones de más pobres,Aarón Sequeira,"El director general del Fondo de Desarrollo Social y Asignaciones Familiares (Fodesaf), Luis Alberto Ávalos, se desmarcó este martes del error cometido en el Presupuesto Nacional 2025 que dejaría sin becas postsecundaria a 346 estudiantes, a partir de octubre…",https://www.nacion.com/politica/fodesaf-se-desmarca-de-error-que-dejaria-sin-becas/JDC3M7B74BEQVGJNNAD4VVYDXI/story/,https://www.nacion.com/resizer/v2/W7RCJCOIFRBBDCJIEEDY74NS7U.jpg?smart=true&auth=ad5efd8ff90334965b51a8d41516b2ad49048018a6fd12c6db4123bf5e554782&width=1440,"El director general del Fondo de Desarrollo Social y Asignaciones Familiares (Fodesaf), Luis Alberto Ávalos, se desmarcó este martes del error cometido en el Presupuesto Nacional 2025 que dejaría sin… [+3972 chars]",2025-08-19T22:08:19,2025-07-27,2025-08-25
Banco de Occidente,Banco de Occidente,es,El Mundo,"Silvia Aguilar, la banquera prodigiosa que salió huyendo del destape: ""Nunca he dejado de actuar, pese a la retirada de la primera línea""",Luis Martínez,"La otra Ángela Molina, como se la llegó a conocer, empezó en el cine siendo menor de edad y, dolida por los excesos del destape, se refugió en Suiza, donde vivió décadas alejada de los focos y ocultando a sus propios hijos su pasado de... vampira. Leer",https://www.elmundo.es/cultura/cine/2025/08/19/68a4269d21efa097098b4597.html,https://phantom-elmundo.uecdn.es/c1f79e82b794c1ed1ad3058044b099c2/resize/1200/f/webp/assets/multimedia/imagenes/2025/08/19/17555889762569.jpg,"Todo intérprete debe lidiar con la contradicción de ser y no ser a la vez: de lograr el reconocimiento debido, incluso fama, por el trabajo de encarnar a alguien distinto a sí mismo, otro u otra, y d… [+7666 chars]",2025-08-19T20:21:41,2025-07-27,2025-08-25
Banco Popular,Banco Popular,es,Expansion.com,Ola de incendios: zona catastrófica para el infierno rural,David Casals,"La peor ola de incendios forestales en tres décadas sigue causando estragos. Las llamas no entienden de límites administrativos, como pone de manifiesto el avance del fuego que...",https://www.expansion.com/economia/2025/08/19/68a4d9a2468aeb46348b459c.html,https://phantom-expansion.uecdn.es/62aea0dc0284fa5ea194da7f41ef82c8/crop/0x263/1182x1051/f/webp/assets/multimedia/imagenes/2025/08/19/17556333712180.jpg,"La peor ola de incendios forestales en tres décadas sigue causando estragos. Las llamas no entienden de límites administrativos, como pone de manifiesto el avance del fuego que arrancó en Porto de Sa… [+7898 chars]",2025-08-19T20:08:12,2025-07-27,2025-08-25
MINEROS,MINEROS,es,Cointelegraph,Los trabajos mejor pagados en el sector cripto para tener en cuenta en 2025,Bradley Peak,"Explora los mejores trabajos Web3 en 2025, rangos salariales y cómo iniciar tu carrera en los puestos de blockchain mejor pagados.
 Quants: 180.000 dólares - 325.000 dólares+, ligados a las fluctuaciones de PnL.
Legal/CCO: Hasta 500.000 dólares TC con accion…",https://es.cointelegraph.com/news/highest-paying-jobs-in-crypto-2025,"https://images.cointelegraph.com/cdn-cgi/image/format=auto,onerror=redirect,quality=90,width=1200/https://s3.cointelegraph.com/uploads/2025-08/0198c2ee-0ac8-7ad0-b11b-c37939310d5d","Puntos clave
<ul><li>Quants: 180.000 dólares - 325.000 dólares+, ligados a las fluctuaciones de PnL.
</li><li>Legal/CCO: Hasta 500.000 dólares TC con acciones.
</li><li>Influencers: Seis/siete cif… [+12045 chars]",2025-08-19T19:18:06,2025-07-27,2025-08-25
ENEL,ENEL,es,Forbes.com.mx,Eficiencia energética: la nueva clave de competitividad empresarial en México,Forbes Content,"Forbes México.
 Eficiencia energética: la nueva clave de competitividad empresarial en México

En un país donde la demanda eléctrica crece a ritmos históricos, la eficiencia energética ya no es una opción: es una ventaja competitiva. Tan solo en 2024, el cons…",https://forbes.com.mx/ad-eficiencia-energetica-la-nueva-clave-de-competitividad-empresarial-en-mexico/,https://cdn.forbes.com.mx/2025/08/Portada-1-53.jpg,"En un país donde la demanda eléctrica crece a ritmos históricos, la eficiencia energética ya no es una opción: es una ventaja competitiva. Tan solo en 2024, el consumo neto de energía eléctrica en Mé… [+3707 chars]",2025-08-19T17:45:45,2025-07-27,2025-08-25
Banco Santander,Banco Santander,es,Hola,"Gran boda en la familia Botin: la romántica petición de mano de Huberto, nieto de Emilio Botin, en la finca familiar de Cantabria",M. Añover,"Se ha prometido con Andreina Culebras, su novia desde hace más de siete años",https://www.hola.com/actualidad/20250819850934/gran-boda-en-la-familia-botin-la-romantica-peticion-de-mano-de-huberto-nieto-de-emilio-botin-en-la-finca-familiar-de-cantabria/,https://www.hola.com/horizon/landscape/d862727deba9-huberto-editada.jpg?im=Resize=(1200),"La familia Botín está de enhorabuena. Si hace tan solo diez días, Carmen Ballesteros anunciaba el nacimiento de su primer hijo, ahora es su primo, Huberto Botín-Sanz de Sautuola d´Ornano quien ha col… [+3594 chars]",2025-08-19T17:03:16,2025-07-27,2025-08-25
Banco Santander,Banco Santander,es,Eleconomista.es,Santander duplica el ritmo de cierre de oficinas en el último año y concentra tres de cada cuatro de la gran banca en España,Matteo Allievi,"Banco Santander da un acelerón en el cierre de oficinas en España. A finales de junio, el grupo presidido por Ana Botín contaba con 1.724 sucursales en el mercado doméstico, 109 menos que un año antes, según recoge su informe semestral. La entidad cántabra pr…",https://www.eleconomista.es/banca-finanzas/noticias/13510668/08/25/santander-duplica-el-ritmo-de-cierre-de-oficinas-en-el-ultimo-ano-y-concentra-tres-de-cada-cuatro-de-la-gran-banca-en-espana.html,https://s03.s3c.es/imag/_v0/1200x655/a/3/d/grisi-santander-ep1.jpg,"Banco Santander da un acelerón en el cierre de oficinas en España. A finales de junio, el grupo presidido por Ana Botín contaba con 1.724 sucursales en el mercado doméstico, 109 menos que un año ante… [+3700 chars]",2025-08-19T16:48:23,2025-07-27,2025-08-25
Banco Santander,Banco Santander,es,Elperiodico.com,J.P. Morgan se alía con Grupo Lar para invertir 600 millones en construir 5.000 apartamentos en alquiler en España,Gabriel Santamarina,"La gestora de fondos del banco estadounidense J.P. Morgan y la española Grupo Lar han cerrado una alianza para invertir en los próximos cinco años 600 millones de euros en la promoción de 5.000 apartamentos en España, según adelantó este martes el medio britá…",https://www.elperiodico.com/es/economia/20250819/j-p-morgan-grupo-lar-alianza-120764397,https://estaticos-cdn.prensaiberica.es/clip/844d50e7-1cdd-4310-96f7-578fe632f87e_16-9-discover-aspect-ratio_default_0.jpg,La gestora de fondos del banco estadounidense J.P. Morgan y la española Grupo Lar han cerrado una alianza para invertir en los próximos cinco años 600 millones de euros en la promoción de 5.000 apart… [+2385 chars],2025-08-19T16:33:16,2025-07-27,2025-08-25
Banco de la República,Banco de la República,es,La Nacion,Plazo fijo: cuál es la tasa de interés banco por banco este martes 19 de agosto,LA NACION,El Banco Central de la República Argentina (BCRA) permite a los ahorristas conocer el rendimiento de estos instrumentos de inversión en pesos con una tabla comparativa de tasas,https://www.lanacion.com.ar/economia/plazo-fijo-cual-es-la-tasa-de-interes-banco-por-banco-este-martes-19-de-agosto-nid19082025/,https://resizer.glanacion.com/resizer/v2/las-tasas-de-interes-de-plazos-fijos-a-30-dias-3C5BGJ5LYZA6VKQEFOWUKQORL4.jpg?auth=fce5d73ef1ff401221256973d8dbc811aeefcb6bd2dde340b3d79d45664244f0&width=1200&quality=70&smart=false&height=800,Latasa de interés de los plazos fijos es útil para los ahorristas que eligen este tipo de instrumentos como un mecanismo para mantener el poder adquisitivo de su dinero depositado. Este martes 19 de … [+2197 chars],2025-08-19T16:09:29,2025-07-27,2025-08-25
MINEROS,MINEROS,es,Criptonoticias.com,El futuro rol de crypto en la censura financiera,Leopoldo Bebchuk,"A medida que el mundo TradFi y los sectores de Bitcoin y crypto se conectan, la resistencia a la censura podría verse amenazada.
Leer más",https://www.criptonoticias.com/opinion/futuro-rol-crypto-bitcoincensura-financiera/,https://www.criptonoticias.com/wp-content/uploads/2023/12/Ocean-censura-Bitcoin-transacciones-Ordinals-Whirlpool.jpg,"<ul><li>Los procesadores de pagos censuran contenido que consideran inmoral de manera unilateral.
</li><li>Una de las promesas de cripto era impedir la censura, pero ese rol está en cuestión.
</li>… [+12569 chars]",2025-08-19T15:50:41,2025-07-27,2025-08-25
Banco Santander,Banco Santander,es,Latercera.com,El nuevo voto disidente de la comisionada Tornel en la norma de la CMF que eleva el pago mínimo con tarjetas de crédito,Mariana Marusic,"Así lo reveló el acta de la sesión respectiva del consejo de la Comisión para el Mercado Financiero. Otra de esas actas también muestra que Tornel votó en contra de la sanción que impuso la CMF al Banco de Chile, con una multa de 617,98 UF, por otorgar crédit…",https://www.latercera.com/pulso/noticia/el-nuevo-voto-disidente-de-la-comisionada-tornel-en-la-norma-de-la-cmf-que-eleva-el-pago-minimo-con-tarjetas-de-credito/,https://www.latercera.com/resizer/v2/KYJWXA3MPVC53D6G3EAHNXQI2I.jpg?auth=b456bed94e1604fc6a1a5d31be152a07a0c5c5c20b74a33a09173e7fc7930219&height=630&width=1200&smart=true,La comisionada Catherine Tornel León no ha seguido la tradición de consensos que hasta ahora se había dado en la Comisión para el Mercado Financiero (CMF). Ha votado en contra en decisiones considera… [+5857 chars],2025-08-19T15:45:00,2025-07-27,2025-08-25
MINEROS,MINEROS,es,Xataka.com,California acoge una de las islas privadas más extrañas del mundo: 25 millones por una roca rojiza sin electricidad ni agua,Carlos Prego,"No es la más cara ni la más remota, ni destaca tampoco por su tamaño, pero Red Rock Island lleva tiempo convertida en uno de los ""caramelos"" más peculiares del mercado del lujo estadounidense. El motivo: una suma de factores entre los que se cuentan su precio…",https://www.xataka.com/magnet/california-acoge-islas-privadas-extranas-mundo-25-millones-roca-rojiza-electricidad-agua-1,https://i.blogs.es/dbbb20/red-rock/840_560.jpeg,"No es la más cara ni la más remota, ni destaca tampoco por su tamaño, pero Red Rock Island lleva tiempo convertida en uno de los ""caramelos"" más peculiares del mercado del lujo estadounidense. El mot… [+6144 chars]",2025-08-19T15:06:46,2025-07-27,2025-08-25
Banco Popular,Banco Popular,es,Xataka.com,"Un concepto es cada vez más común en los tickets de los restaurantes españoles: la propina ""opcional"" del 10%",Antonio Sabán,"Matías, editor en Xataka, estaba comiendo con un amigo en un restaurante argentino de Málaga y pidió la cuenta para pagar. Al recibir el ticket, observó que éste incluía algo a lo que no estamos acostumbrados en España, pero que empieza a verse en la hosteler…",https://www.xataka.com/magnet/concepto-cada-vez-comun-tickets-restaurantes-espanoles-propina-opcional-10,https://i.blogs.es/84d446/propina/840_560.jpeg,"Matías, editor en Xataka, estaba comiendo con un amigo en un restaurante argentino de Málaga y pidió la cuenta para pagar. Al recibir el ticket, observó que éste incluía algo a lo que no estamos acos… [+4767 chars]",2025-08-19T14:30:46,2025-07-27,2025-08-25
Banco Santander,Banco Santander,es,Huffingtonpost.es,"Descubre una prenda preciosa, la pide en la tienda online y le llega un fraude con un lado mucho más oscuro",Daniel Cáceres Garriga,"<![CDATA[<p>Todo empieza con un anuncio atractivo en redes sociales. Un cárdigan de punto, supuestamente artesanal, rebajado al 50%. El sitio web parece legítimo, está bien diseñado y muestra fotos sugerentes. Así lo vivió Elfie Waren, vecina de Berwick-upon-…",https://www.huffingtonpost.es/sociedad/descubre-prenda-preciosa-pide-tienda-online-le-llega-fraude-lado-mas-oscuro.html,https://img.huffingtonpost.es/files/og_thumbnail/uploads/2025/08/19/decepcion-con-las-compras-online.jpeg,"Todo empieza con un anuncio atractivo en redes sociales. Un cárdigan de punto, supuestamente artesanal, rebajado al 50%. El sitio web parece legítimo, está bien diseñado y muestra fotos sugerentes. A… [+2461 chars]",2025-08-19T13:59:56,2025-07-27,2025-08-25
Banco Santander,Banco Santander,es,Montevideo.com.uy,"Santander: innovación, seguridad y confianza en su apuesta por la inteligencia artificial",Montevideo Portal,"Tras sellar una alianza con OpenAI, el banco busca consolidar su estrategia data & AI-first y transformar la experiencia bancaria.",https://www.montevideo.com.uy/Negocios-y-Tendencias/Santander-innovacion-seguridad-y-confianza-en-su-apuesta-por-la-inteligencia-artificial-uc933687,https://imagenes.montevideo.com.uy/imgnoticias/202508/_W933_80/929106.jpeg,"En el actual panorama financiero, la ventaja competitiva no radica únicamente en usar inteligencia artificial (IA), sino en integrarla de manera estructural en la forma de trabajar. Esa es la visión … [+3753 chars]",2025-08-19T13:21:00,2025-07-27,2025-08-25
Banco de la República,Banco de la República,es,Milenio,Abent 3T: energía limpia con tecnología de punta para el sureste mexicano,Redacción,"La central de Abent 3T, ubicada en Tabasco, es un nodo crítico para el suministro energético de Yucatán y Quintana Roo, dos estados con creciente demanda y alto estrés en su red de distribución. La central tiene una capacidad de entre 260 MW y hasta 300 MW me…",https://www.milenio.com/negocios/energia-limpia-sureste-mexicano-tecnologia-vanguardia,https://cdn.milenio.com/uploads/media/2025/08/15/planta-privada-generacion-electrica-lanzo.jpg,"La central de Abent 3T, ubicada en Tabasco, es un nodo crítico para el suministro energético de Yucatán y Quintana Roo, dos estados con creciente demanda y alto estrés en su red de distribución. 
La… [+5960 chars]",2025-08-19T13:16:01,2025-07-27,2025-08-25
Banco de la República,Banco de la República,es,El Financiero,Soberanía exterior,Antonio Cuéllar,Las órdenes para que las fuerzas militares estadounidenses se agrupen a lo largo de la frontera con nuestro país constituyen una señal peligrosa que obliga al gobierno a cerrar filas.,https://www.elfinanciero.com.mx/opinion/antonio-cuellar/2025/08/19/soberania-exterior/,https://www.elfinanciero.com.mx/resizer/v2/QKZHUXK34NHORKGDDVQEAD4DG4.jpg?smart=true&auth=1f9bf38d079e1b3835a4febdc597a66c21c2a56fc4ae3703fe0fc803b70c5402&width=1200&height=630,Las órdenes para que las fuerzas militares estadounidenses se agrupen a lo largo de la frontera con nuestro país constituyen una señal peligrosa que obliga al gobierno a cerrar filas. La Presidente d… [+5071 chars],2025-08-19T12:53:36,2025-07-27,2025-08-25
Banco Popular,Banco Popular,es,Criptonoticias.com,Bitcoin resuena con el ADN de un pueblo que resuelve sin el Estado,Marianella Vanci,"La cultura dominicana impulsa una rápida adopción de bitcoin, con proyectos locales y una nueva federación que une a 16 países.
Leer más",https://www.criptonoticias.com/comunidad/adopcion/bitcoin-adn-pueblo-resuelve-cuenta-republicadominicana/,https://www.criptonoticias.com/wp-content/uploads/2025/08/Bitcoin-Republica-Dominicana-1.png,"<ul><li>Avanza la construcción del primer hotel bitcoin del país, con miras a crear una economía circular.
</li><li>La meta es provocar ""ruido mediático"" que llegue hasta los dirigentes.
</li></ul>… [+7142 chars]",2025-08-19T12:09:39,2025-07-27,2025-08-25
Banco Santander,Banco Santander,es,Mundodeportivo.com,Las mejores hipotecas fijas: estas son las opciones más baratas para una vivienda,Helena Celma Pérez,"Si estás pensando en comprar una vivienda, buscar un banco que te ofrezca una hipoteca con buenas condiciones es imprescindible. Existen tres tipos de hipotecas: la fija, la mixta y la variable, y cada una de ellas tiene sus propias características.",https://www.mundodeportivo.com/elrecomendador/finanzas-personales/20250819/1002516993/mejores-hipotecas-fijas-agosto-son-opciones-mas-baratas-conseguir-vivienda.html,https://www.mundodeportivo.com/files/og_thumbnail/uploads/2025/08/19/68a4559005e41.jpeg,"Si estás pensando en comprar una vivienda, buscar un banco que te ofrezca una hipoteca con buenas condiciones es imprescindible. Existen tres tipos de hipotecas: la fija, la mixta y la variable, y ca… [+14480 chars]",2025-08-19T12:05:35,2025-07-27,2025-08-25
Banco de la República,Banco de la República,es,Nacion.com,Contraloría cuestiona ejecución de programas del préstamo por $156 millones de Hacienda Digital,Arianna Villalobos Solís,"Un informe de la CGR revela deficiencias en el proyecto Hacienda Digital, con un avance mínimo del 23,6% y problemas en su gestión y gobernanza.",https://www.nacion.com/economia/contraloria-cuestiona-ejecucion-de-programas-del/PYTDNVGF6JBQTKNMU6XNIJFCSY/story/,https://www.nacion.com/resizer/v2/OGGPG554MJCCNF2W4TAYBANG4M.png?smart=true&auth=6fcb144bf06da8f9b797da37b8b370da6f08a632711370bb048dd7a286de3e3e&width=1440,"La Contraloría General de la República (CGR) cuestionó la ejecución y estructura de los programas del portafolio Hacienda Digital, financiado con un préstamo de $156 millones para modernizar la gesti… [+7141 chars]",2025-08-19T12:00:00,2025-07-27,2025-08-25
Banco Popular,Banco Popular,es,Nacion.com,Lista OFAC: qué pasa con cuentas bancarias en Costa Rica de las personas sancionadas,Gustavo Ortega Campos,"Descubre cómo la banca de Costa Rica reacciona ante la inclusión de extraditables en la lista de sanciones de la OFAC. El exmagistrado Celso Gamboa; Alejandro James Wilson, alias Turesky; Alejandro Arias Monge, alias Diablo; y Edwin López Vega, alias Pecho Ra…",https://www.nacion.com/economia/lista-ofac-que-pasa-con-cuentas-bancarias-en-costa/XPAQEJDJ6VB6ZEVS337D27ADYI/story/,https://www.nacion.com/resizer/v2/CCUNMAWZPVCE7NQGJWN47LHN5Q.jpg?smart=true&auth=6afc808cd57befa3d8155fada466be62ff8313b241bcb0fbd2f6b9b3abbca9b3&width=1440,La interrogante surge luego de que este lunes la Administración para el Control de Drogas de Estados Unidos (DEA) informó de que el Departamento del Tesoro de EE. UU. incluyó al exmagistrado Celso Ga… [+5437 chars],2025-08-19T11:30:00,2025-07-27,2025-08-25
Banco Santander,Banco Santander,es,El Financiero,Inicia cuenta regresiva para CIBanco e Intercam,Jeanette Leyva Reus,"Se analizan la venta de carteras, de unidades de negocios o del banco completo, sin que las operaciones se hayan concretado, pues están en pleno análisis de cómo se integrarían en sólo dos semanas y los efectos legales.",https://www.elfinanciero.com.mx/opinion/jeanette-leyva/2025/08/19/inicia-cuenta-regresiva-para-cibanco-e-intercam/,https://www.elfinanciero.com.mx/resizer/v2/GHQEVFELORBVTE7GS4YJLP54EA.jpg?smart=true&auth=44da5f0b0225ff9dbf53690fa6f7c96563ed1043327ed55e471801b231f99cd7&width=1200&height=630,"La cuenta regresiva para cerrarles las puertas al sistema financiero a CIBanco, Intercam y Vector decretado desde Estados Unidos por el Departamento del Tesoro para el próximo 4 de septiembre inició … [+7026 chars]",2025-08-19T11:09:55,2025-07-27,2025-08-25
Banco Santander,Banco Santander,es,Elconfidencial.com,"Loterías, IVA reducido, diésel.... Hacienda busca un tijeretazo de 1.600 M en beneficios fiscales",EFE,"No ha desvelado qué beneficios se van a revisar o eliminar, algo que dependerá de si cumplen sus objetivos, pero los informes en los que se basará su análisis apuntan en varias direcciones",https://www.elconfidencial.com/economia/2025-08-19/loterias-diesel-iva-reducido-hacienda-tijeretazo-beneficios-fiscales_4193417/,"https://images.ecestaticos.com/DvuLkQrCFBXIMrLn2HTEEX_El50=/0x0:2272x1515/600x315/filters:fill(white):format(jpg):quality(99):watermark(f.elconfidencial.com/file/bae/eea/fde/baeeeafde1b3229287b0c008f7602058.png,0,275,1)/f.elconfidencial.com/original/7fa/e92/81d/7fae9281d9035283caa604fa2682cbf5.jpg","El Ministerio de Hacienda estudia los beneficios fiscales con el objetivo de reducirlos este año en una décima de PIB (unos 1.675 millones de euros), tal y como se comprometió con Bruselas en el Plan… [+4721 chars]",2025-08-19T11:03:00,2025-07-27,2025-08-25
Banco Santander,Banco Santander,es,Milenio,Precio del dólar HOY martes 19 de agosto de 2025: ¿Cuál es el tipo de cambio en México?,"Miriam Ramírez,Karla Vázquez","El dólar HOY 19 de agosto inicia operaciones con el tipo de cambio interbancario en 18.78 pesos mexicanos por billete verde, con una ligera alza del 0.02 por ciento, según datos de Bloomberg.El peso mexicano retrocedió ayer ante un avance global del dólar, en…",https://www.milenio.com/negocios/precio-del-dolar-hoy-19-de-agosto-2025-a-cuanto-cotiza-en-vivo-atm,https://cdn.milenio.com/uploads/media/2025/06/20/enterate-precio-dolar-cotiza-peso-4.jpeg,"El dólar HOY 19 de agosto inicia operaciones con el tipo de cambio interbancario en 18.78 pesos mexicanos por billete verde, con una ligera alza del 0.02 por ciento, según datos de Bloomberg.  
El p… [+662 chars]",2025-08-19T11:00:00,2025-07-27,2025-08-25
ISA,ISA,es,Bekia.es,Isa Pantoja rompe a llorar al compartir una noticia muy especial y su prima Anabel le dedica unas palabras,Valeria Bermejo Varo,La hija de Isabel Pantoja ha compartido un vídeo muy emotivo en redes sociales en el que comunica una noticia que llevaba tiempo esperando poder celebrar. Isa Pantoja ha emocionado a sus seguidores al publicar un vídeo en el que aparece llorando mientras comu…,https://www.bekia.es/celebrities/noticias/isa-pantoja-rompe-llorar-comaprtir-noticia-especial-prima/,https://www.bekia.es/images/articulos/portada/138000/138824.jpg,"Isa Pantoja ha emocionado a sus seguidores al publicar un vídeo en el que aparece llorando mientras comunica una noticia muy especial para ella. Tras dos meses del nacimiento de su segundo hijo, Cair… [+2121 chars]",2025-08-19T09:42:02,2025-07-27,2025-08-25
MINEROS,MINEROS,es,Jornada.com.mx,"Luis Hernández Navarro: Palestina en el corazón, el antimonumento",Luis Hernández Navarro,"Un mapa muestra la senda de las heridas abiertas en nuestro país. Las que gritan no sólo de dolor. Las que exigen justicia. Es la ruta de la memoria, un atlas en el que hay marcados puntos que no aspiran a perpetuar el recuerdo. Que son ejercicio de rememorac…",https://www.jornada.com.mx/2025/08/19/politica/014a1pol,https://www.jornada.com.mx/imagemeta/1200x630BN.jpg,"n mapa muestra la senda de las heridas abiertas en nuestro país. Las que gritan no sólo de dolor. Las que exigen justicia. Es la ruta de la memoria, un atlas en el que hay marcados puntos que no aspi… [+4921 chars]",2025-08-19T09:28:16,2025-07-27,2025-08-25
MINEROS,MINEROS,es,Jornada.com.mx,"Luis Hernández Navarro: Palestina en el corazón, el antimonumento",Luis Hernández Navarro,"Un mapa muestra la senda de las heridas abiertas en nuestro país. Las que gritan no sólo de dolor. Las que exigen justicia. Es la ruta de la memoria, un atlas en el que hay marcados puntos que no aspiran a perpetuar el recuerdo. Que son ejercicio de rememorac…",https://www.jornada.com.mx/2025/08/19/opinion/014a1pol,https://www.jornada.com.mx/imagemeta/1200x630BN.jpg,"n mapa muestra la senda de las heridas abiertas en nuestro país. Las que gritan no sólo de dolor. Las que exigen justicia. Es la ruta de la memoria, un atlas en el que hay marcados puntos que no aspi… [+4921 chars]",2025-08-19T09:28:16,2025-07-27,2025-08-25
MINEROS,MINEROS,es,Www.df.cl,Minería chilena mira a la electrificación con sistema que reduciría hasta en 92% las emisiones de los camiones al año 2037,Patricia Marchetti,"Según un estudio de la Sonami, la incorporación de tecnologías eléctricas en las flotas de extracción también generaría una caída en los costos energéticos de operación.",https://www.df.cl/empresas/mineria/mineria-chilena-mira-a-la-electrificacion-con-sistema-que-reduciria-hasta,https://www.df.cl/noticias/site/artic/20250818/imag/foto_0000001120250818205042/Trolley-Assist-CAEX-Collahuasi_2025.jpg,"54 % bajaríanlas emisiones de alcance 1 en toda la industria del cobre.
En plena carrera hacia la carbono neutralidad -comprometida por Chile para el año 2050-, la minería del cobre del país tiene e… [+3796 chars]",2025-08-19T08:00:00,2025-07-27,2025-08-25
MINEROS,MINEROS,es,Www.df.cl,"PIB supera las expectativas en el II trimestre y mercado se entusiasma con un crecimiento más cercano a 2,5% este año",Catalina Vergara,"La economía se expandió 3,1% anual de la mano de la inversión. La formación bruta de capital fijo (FBCF) subió 5,6% impulsada por recursos destinados a maquinaria y equipo.",https://www.df.cl/economia-y-politica/macro/pib-supera-las-expectativas-en-el-ii-trimestre-y-mercado-se-entusiasma-con,https://www.df.cl/noticias/site/artic/20250818/imag/foto_0000001320250818194723/18f.jpg,"El Producto Interno Bruto (PIB) creció un 3,1% anual en el segundo trimestre, ubicándose sobre las expectativas de los analistas que, según el consenso de Bloomberg, esperaban una expansión de 2,9%.… [+5758 chars]",2025-08-19T08:00:00,2025-07-27,2025-08-25
MINEROS,MINEROS,es,Www.abc.es,"Córdoba, provincia con más proyectos en la Unidad Aceleradora de grandes planes empresariales de la Junta",(abc),"La Delegación del Gobierno de Córdoba destacó ayer, en una nota de prensa, que la provincia lidera en Andalucía el número de proyectos asignados a la Unidad Aceleradora de Proyectos (UAP). Este mecanismo del Gobierno autonómico para la agilización de trámites…",https://www.abc.es/espana/andalucia/cordoba/cordoba-provincia-proyectos-unidad-aceleradora-grandes-proyectos-20250819080420-nts.html,https://s3.abcstatics.com/abc/www/multimedia/espana/2025/08/19/adolfo-molina-cordoba-k0AF--1024x512@diario_abc.jpg,"La Delegación del Gobierno de Córdoba destacó ayer, en una nota de prensa, que la provincia lidera en Andalucía el número de proyectos asignados a la Unidad Aceleradora de Proyectos (UAP). Este mecan… [+2407 chars]",2025-08-19T06:04:21,2025-07-27,2025-08-25
Banco Popular,Banco Popular,es,Milenio,Camilo Ochoa y su rol en la guerra narrativa de Los Chapitos y La Mayiza,Anel Tello,"A casi 365 días desde que estalló el conflicto entre las dos facciones más poderosas del Cártel de Sinaloa, Los Chapitos han perdido a operadores logísticos, jefes de seguridad, pistoleros, traficantes y, recientemente, a quien era considerado como su princip…",https://www.milenio.com/policia/camilo-ochoa-influencer-chapitos-ejecucion-morelos,https://cdn.milenio.com/uploads/media/2025/08/18/camilo-ochoa-contaba-mil-susciptores.jpg,"A casi 365 días desde que estalló el conflicto entre las dos facciones más poderosas del Cártel de Sinaloa, Los Chapitos han perdido a operadores logísticos, jefes de seguridad, pistoleros, traficant… [+6561 chars]",2025-08-19T05:01:01,2025-07-27,2025-08-25
ISA,ISA,es,Lavozdegalicia.es,"Isa Rodríguez, campeona del europeo sub -18 de rugbi femenino: «Voy a intentar hacerlo aún mejor y aprovechar que solo tengo 17 años»",Miguel Fernández Santos,La jugadora coruñesa se posiciona como una de las mejores promesas de la disciplina en una temporada de constante evolución para su carrera,https://www.lavozdegalicia.es/noticia/deportes/2025/08/01/isa-rodriguez-campeona-europeo-sub-18-rugbi-femenino-intentar-hacerlo-mejor-aprovechar-solo-17-anos/00031754075225907342388.htm,https://img.lavdg.com/sc/mt2O8bOff2DyIkNyYwSfjX23wjU=/1280x/2025/08/01/00121754075941951269862/Foto/h_20250721_184150000.jpg,"La gallega Isa Rodríguez, (A Coruña, 2008) construye triunfo a triunfo un relato apasionante de su prematura pero ya brillante carrera, siendo una de los mayores talentos que tiene Galicia en este de… [+135 chars]",2025-08-19T03:00:00,2025-07-27,2025-08-25
Banco Popular,Banco Popular,es,Nacion.com,Policía Municipal de San José destruye búnker en zona dominada por los Lara,Christian Montero,"Lo que en mayo del 2014 fue inaugurado como una promesa de auxilio para familias de la Ciudadela 25 de Julio en Hatillo centro, terminó en sitio de consumo de drogas y generador de violencia.",https://www.nacion.com/sucesos/policia-municipal-de-san-jose-destruye-bunker-en/GVQPDMSNMNEV3HYP6AKXTQB7TM/story/,https://www.nacion.com/resizer/v2/LDW74PK26FCKVLP57453YKJG7E.jpeg?smart=true&auth=8239f54c0a7ce818ab643031c566818fb655a4c9286351600d8eaaabfdd8b201&width=1440,"Lo que en mayo del 2014 fue inaugurado como una promesa de auxilio para familias de la Ciudadela 25 de Julio en Hatillo centro, San José, terminó en sitio de consumo de drogas y generador de violenci… [+2418 chars]",2025-08-19T01:05:54,2025-07-27,2025-08-25
Banco Popular,Banco Popular,es,Www.df.cl,"Chile en vías de más recortes: el panorama mundial de las tasas de interés con el que inicia Jackson Hole, el mega evento de los banqueros centrales",Amanda Santillán,"Desde este jueves, autoridades monetarias, economistas, participantes del mercado financiero y académicos se reunirán en Wyoming para el encuentro anual organizado por la Reserva Federal de Kansas.",https://www.df.cl/internacional/economia/chile-en-vias-de-mas-recortes-el-panorama-mundial-de-las-tasas-de-interes,https://www.df.cl/noticias/site/artic/20250818/imag/foto_0000000220250818175511.jpg,"El mundo financiero y económico tendrán sus ojos puestos en Jackson Hole, Wyoming, que desde el jueves será el recinto para la mega conferencia de bancos centrales del mundo. 
Realizado anualmente, … [+3419 chars]",2025-08-18T21:48:00,2025-07-27,2025-08-25
Banco Popular,Banco Popular,es,Cointelegraph,Un análisis realista de Web3: ¿qué sectores de las altcoins están dando resultados?,Marie Poteriaieva,"Web3 sigue siendo una palabra de moda muy popular en el mundo de las criptomonedas, pero ¿están las DApps y las altcoins cumpliendo realmente sus promesas?
 Conclusiones clave:
La actividad diaria en Web3 se mantuvo estable en 24 millones en el segundo trime…",https://es.cointelegraph.com/news/time-for-a-web3-reality-check-which-altcoin-sectors-are-really-delivering,"https://images.cointelegraph.com/cdn-cgi/image/format=auto,onerror=redirect,quality=90,width=1200/https://s3.cointelegraph.com/uploads/2025-08/0198bdfb-f2bd-7e49-9591-41076fc0122d","Conclusiones clave:
<ul><li>La actividad diaria en Web3 se mantuvo estable en 24 millones en el segundo trimestre de 2025, pero la composición del sector está cambiando.
</li><li>DeFi lidera el núm… [+7914 chars]",2025-08-18T18:58:25,2025-07-27,2025-08-25
Banco de la República,Banco de la República,es,La Nacion,Alquileres: cuáles son los métodos para calcular los aumentos por inflación en agosto 2025,LA NACION,"Desde la derogación de la ley de alquileres, los contratos pueden ajustarse por inflación; lo que hay que saber antes de avanzar",https://www.lanacion.com.ar/propiedades/casas-y-departamentos/alquileres-cuales-son-los-metodos-para-calcular-los-aumentos-por-inflacion-en-agosto-2025-nid18082025/,https://resizer.glanacion.com/resizer/v2/estos-son-los-aumentos-de-los-contratos-de-Q67JDZVCDNAHRN62XB7XESRV4M.jpg?auth=4a8b6ef4bc7c54031e800ec0b3cb6c0e289872bc96a8d991aa941d189fe420dd&width=1200&quality=70&smart=false&height=800,"Apartir del comienzo del 2024, luego de la derogación de la ley de alquileres -a través del Decreto de Necesidad y Urgencia (DNU) de Javier Milei, en diciembre de 2023-, se abrió el juego para defini… [+4103 chars]",2025-08-18T15:37:01,2025-07-27,2025-08-25
Banco de la República,Banco de la República,es,La Nacion,Plazo fijo: cuál es la tasa de interés banco por banco este lunes 18 de agosto,LA NACION,El Banco Central de la República Argentina (BCRA) permite a los ahorristas conocer el rendimiento de estos instrumentos de inversión en pesos con una tabla comparativa de tasas,https://www.lanacion.com.ar/economia/plazo-fijo-cual-es-la-tasa-de-interes-banco-por-banco-este-lunes-18-de-agosto-nid18082025/,https://resizer.glanacion.com/resizer/v2/las-tasas-de-interes-de-plazos-fijos-a-30-dias-D2S3SXTOCFAELAVHXMRGXKYOWI.jpg?auth=461c9875e690b428703d5a2ddbd4e1bb06b3894a8e929966de29cc8c920a033c&width=1200&quality=70&smart=false&height=800,Latasa de interés de los plazos fijos es útil para los ahorristas que eligen este tipo de instrumentos como un mecanismo para mantener el poder adquisitivo de su dinero depositado. Este lunes 18 de a… [+2194 chars],2025-08-18T15:05:42,2025-07-27,2025-08-25
Banco de la República,Banco de la República,es,La Nacion,Cuánto cuesta el Toyota Yaris en agosto 2025,LA NACION,Uno de los modelos más vendidos del año actualizó su valor para este mes; a cuánto quedó la gama del hatchback japonés,https://www.lanacion.com.ar/autos/cuanto-cuesta-el-toyota-yaris-en-agosto-2025-nid18082025/,https://resizer.glanacion.com/resizer/v2/el-toyota-yaris-fue-el-modelo-mas-comercializado-FG5TSLIOKRGE5ILDEHYVPEEZQA.jpg?auth=20d23844e86dcfd27cf98f3712c5ca0692e758e7147b5ea88ba437668d40a7f2&width=1200&quality=70&smart=false&height=800,"El modelo más económico de Toyota, el Yaris, logró ser el modelo más vendido durante todo julio con 3641 ventas, logrando así un acumulado de 19.188 comercializaciones entre enero y julio, según la A… [+1468 chars]",2025-08-18T15:01:58,2025-07-27,2025-08-25
Banco de la República,Banco de la República,es,Applesfera.com,Siempre que viajo fuera de España tiro de eSIM para no quedarme sin internet en el iPhone: estas son las tres que he probado,Álvaro García M.,"Cuando viajo por Europa, generalmente no debo preocuparme porque tengo roaming con mi compañía. El problema es que cuando viajo fuera del viejo continente se aplican tarifas de coste muy alto. Ya tuve un gran susto hace años por ello y desde entonces viajo si…",https://www.applesfera.com/aplicaciones-ios/viajo-fuera-espana-tiro-esim-para-no-quedarme-internet-iphone-estas-mis-tres-favoritas,https://i.blogs.es/29ee7e/iphone-vacaciones/840_560.jpeg,"Cuando viajo por Europa, generalmente no debo preocuparme porque tengo roaming con mi compañía. El problema es que cuando viajo fuera del viejo continente se aplican tarifas de coste muy alto. Ya tuv… [+10069 chars]",2025-08-18T15:00:20,2025-07-27,2025-08-25
Banco Popular,Banco Popular,es,Nacion.com,Rodrigo Chaves y los siete pecados capitales,Anabelle Aguilar Brealey,"La pereza es una de sus características. Le incomoda el trabajo paciente de escuchar, debatir y construir acuerdos, porque hacerlo exige esfuerzo y empatía. Prefiere el atajo del decreto, la orden tajante, la solución del veto",https://www.nacion.com/opinion/foros/rodrigo-chaves-y-los-siete-pecados-capitales/OUCT5LCYJBFPLHXLREURF5AIBI/story/,https://www.nacion.com/resizer/v2/MPH2GORGOFFLDC24DQVIBBHZ44.JPG?smart=true&auth=27bfb643fca5ca7908310ec7db424ea76ab1d97260007766f59fbb4c7dcb1199&width=1440,"Estamos viviendo en Costa Rica una etapa muy difícil, muy oscura. ¿Será karmático, producto de nuestros pecados o una brujería que nos echaron por creer que somos la Suiza centroamericana, los más pu… [+4365 chars]",2025-08-18T14:55:45,2025-07-27,2025-08-25
ENEL,ENEL,es,Latercera.com,"Kast y Matthei en regiones, y Jara lanza programa: la nutrida jornada en que vence plazo para inscribir candidaturas en Servel",Alonso Aranda,"Se prevé que en la jornada acudirán al Servel otras figuras que aspiran a La Moneda, como Franco Parisi, Harold Mayne-Nicholls y Marco Enríquez Ominami. Johannes Kaiser, en tanto, lo hizo el pasado viernes.",https://www.latercera.com/politica/noticia/kast-y-matthei-en-regiones-y-jara-lanza-programa-la-nutrida-jornada-en-que-vence-plazo-para-inscribir-candidaturas-en-servel/,https://www.latercera.com/resizer/v2/QFYVXP6EOJEQ5J2KTLWM46JDR4.jpg?auth=b3438691d03cb5ee34069ac5e022b5b7cd47f6eda357e1415a07ff477e980fdf&height=630&width=1200&smart=true,"Una nutrida agenda es la que tienen programada para este lunes los abanderados presidenciales que lideran los sondeos en la carrera por llegar a La Moneda, José Antonio Kast (republicanos y PSC), Jea… [+3260 chars]",2025-08-18T13:56:59,2025-07-27,2025-08-25
ISA,ISA,es,Libertaddigital.com,El calvario de Isa Pantoja tras dar a luz: confiesa su depresión posparto y pide ayuda,Chic,"La hija de Isabel Pantoja se sincera en redes sobre el bajón anímico tras el nacimiento de su hijo Cairo. ""Nadie me habló del posparto"", lamenta.",https://www.libertaddigital.com/chic/corazon/2025-08-18/el-calvario-de-isa-pantoja-tras-dar-a-luz-confiesa-su-depresion-posparto-y-pide-ayuda-7286823/,https://s.libertaddigital.com/2025/06/22/1200/627/chic/isa-pantoja-asraf-beno.jpg,"Isa Pantoja ha vuelto a utilizado su Instagram para sincerarse sobre la complicada etapa que está viviendo tras el nacimiento de su segundo hijo, Cairo. La hija de la tonadillera ha confesado sin tap… [+922 chars]",2025-08-18T13:22:19,2025-07-27,2025-08-25
Banco de la República,Banco de la República,es,Elconfidencial.com,La banca refuerza el optimismo sobre Cirsa con potenciales de subida de hasta el 48%,A. M. P.,Los primeros analistas en valorar el grupo de juegos coinciden en aconsejar comprar sus acciones y le otorgan precios objetivos al menos un 25% superiores a su cotización actual,https://www.elconfidencial.com/mercados/2025-08-18/banca-informes-recomendacion-compra-cirsa_4192892/,"https://images.ecestaticos.com/qyJhI6dMEjBIVhBcF84m--iPj3I=/0x0:2272x1515/600x315/filters:fill(white):format(jpg):quality(99):watermark(f.elconfidencial.com/file/bae/eea/fde/baeeeafde1b3229287b0c008f7602058.png,0,275,1)/f.elconfidencial.com/original/6a3/741/611/6a37416110301ed495347637403f2656.jpg",En apenas cuarenta días sobre el parqué a Cirsa le ha dado tiempo a comprobar que los inicios no suelen ser fáciles. Pero también que un mal comienzo no tiene por qué marcar el sino de una cotizada.T… [+5222 chars],2025-08-18T12:12:00,2025-07-27,2025-08-25
Banco Popular,Banco Popular,es,Cointelegraph,La última caída de BTC está dando lugar a comparaciones con el máximo alcanzado en 2021: 5 cosas a saber sobre Bitcoin esta semana,William Suberg,"Traders de Bitcoin sopesan una nueva prueba del soporte de 112.000 dólares y una nueva ruptura al alza.
 Bitcoin (BTC) comenzó una nueva semana con una nueva ola de ventas, y los traders están divididos sobre cuál será su próximo destino.
El precio de BTC ha…",https://es.cointelegraph.com/news/dip-buyers-stopped-the-train-5-things-bitcoin-this-week,"https://images.cointelegraph.com/cdn-cgi/image/format=auto,onerror=redirect,quality=90,width=1200/https://s3.cointelegraph.com/uploads/2025-05/01969ee9-2e02-74e8-a65c-bca38a44b657","Bitcoin (BTC) comenzó una nueva semana con una nueva ola de ventas, y los traders están divididos sobre cuál será su próximo destino.
<ul><li>El precio de BTC ha caído 10.000 dólares desde su último… [+11554 chars]",2025-08-18T11:45:00,2025-07-27,2025-08-25
Banco de la República,Banco de la República,es,Nacion.com,Antes del Cafta: así se regía el comercio con Estados Unidos,Gustavo Ortega Campos,"Así era la relación comercial de Costa Rica con Estados Unidos antes del gran salto en exportaciones, bajo un marco que combinaba ventajas y restricciones.",https://www.nacion.com/economia/antes-del-cafta-asi-se-regia-el-comercio-con/ZGDPZKUX5RD6ZI7TY4OZAL5UHU/story/,https://www.nacion.com/resizer/v2/72WF6YWDGRE3VHG5XZ5WECYJEM.jpeg?smart=true&auth=c7164be08e76ca50fb59731e51cafd4d80f5f2022fd46ed18c9367b3493f74c0&width=1440,"En 1983, Estados Unidos lanzó laIniciativa de la Cuenca del Caribe (CBI, por sus siglas en inglés) mediante la Ley de Recuperación Económica de la Cuenca del Caribe (CBERA), que entró en vigor el 1.º… [+4065 chars]",2025-08-18T11:15:00,2025-07-27,2025-08-25
Banco de la República,Banco de la República,es,Nacion.com,¿Está muerto el Cafta? Arancel de Trump pone en jaque a Costa Rica,Gustavo Ortega Campos,Trump impuso un 15% de arancel a Costa Rica y pone en jaque el Cafta. ¿Está vivo el tratado o es su golpe final? Expertos responden.,https://www.nacion.com/economia/esta-muerto-el-cafta-arancel-de-trump-pone-en/2RC7YYQGVZCPRJR3FL7P7DAI5U/story/,https://www.nacion.com/resizer/v2/4B7TINLMKFBZFJKEWLSBDISFPA.jpg?smart=true&auth=4eb0a2dbb330711e3ea5a457a157824441c8f95ddd0989cf8260aa8aa22d9cdf&width=1440,"El Tratado de Libre Comercio entre Centroamérica, República Dominicana y Estados Unidos (DR-Cafta) lleva 16 años y siete meses en vigor para Costa Rica. Sin embargo, la reciente imposición unilateral… [+9344 chars]",2025-08-18T11:00:00,2025-07-27,2025-08-25
Banco Popular,Banco Popular,es,Www.abc.es,La suciedad del botellón en Málaga: el Ayuntamiento muestra un vídeo de la basura generada cada noche y apela al civismo,(abc),"La Explanada de la Juventud amaneció el domingo 17 de agosto cubierta de miles de botellas y bolsas tras la primera noche de Feria. El Ayuntamiento difundió un vídeo con el estado del espacio y a operarios de Limasam limpiando, acompañado del mensaje instituc…",https://www.abc.es/espana/andalucia/malaga/suciedad-botellon-ayuntamiento-muestra-video-basura-generada-20250818004748-nts.html,https://s2.abcstatics.com/abc/www/multimedia/espana/2025/08/18/Capturadepantalla2025-08-18004659-U88467672180tDx-1024x512@diario_abc.png,La Explanada de la Juventud amaneció el domingo 17 de agosto cubierta de miles de botellas y bolsas tras la primera noche de Feria. El Ayuntamiento difundió un vídeo con el estado del espacio y a ope… [+3059 chars],2025-08-18T09:00:49,2025-07-27,2025-08-25
ISA,ISA,es,Europapress.es,"Isa Pantoja actualiza su estado anímico dos meses después de dar a luz: ""La clave ha sido darme mi tiempo""",,"Isa Pantoja ha hecho de las redes sociales su ventana al mundo desde que se convirtió en madre de su segundo hijo, Cairo -el primero junto a Asraf Beno- el pasado 22 de junio. A corazón abierto, la hija de Isabel Pantoja se ha sincerado sobre el bajón anímico…",https://www.europapress.es/chance/gente/noticia-isa-pantoja-actualiza-estado-animico-dos-meses-despues-dar-luz-clave-sido-darme-tiempo-20250818104203.html,https://img.europapress.es/fotoweb/fotonoticia_20250818104203_1200.jpg,"MADRID, 18 Ago. (CHANCE) - 
 Isa Pantoja ha hecho de las redes sociales su ventana al mundo desde que se convirtió en madre de su segundo hijo, Cairo -el primero junto a Asraf Beno- el pasado 22 de … [+1611 chars]",2025-08-18T08:42:03,2025-07-27,2025-08-25
Banco Popular,Banco Popular,es,Huffingtonpost.es,"Vox acumula pérdidas de 7,3 millones de euros en los últimos tres años",Diego Alonso Peña,"<![CDATA[<p>Vox, el partido de extrema derecha liderado por Santiago Abascal, ha perdido un total de 7,3 millones de euros en los últimos años, una realidad que dista mucho del crecimiento electoral que se le presupone a la formación según las encuestas. Segú…",https://www.huffingtonpost.es/politica/vox-acumula-perdidas-73-millones-euros-ultimos-tresnos.html,https://img.huffingtonpost.es/files/og_thumbnail/uploads/2025/07/14/el-lider-de-vox-santiago-abascal-durante-la-rueda-de-prensa-que-ha-ofrecido-tras-el-comite-de-accion-politica-del-partido.jpeg,"Vox, el partido de extrema derecha liderado por Santiago Abascal, ha perdido un total de 7,3 millones de euros en los últimos años, una realidad que dista mucho del crecimiento electoral que se le pr… [+3116 chars]",2025-08-18T08:10:44,2025-07-27,2025-08-25
Banco Popular,Banco Popular,es,Elconfidencial.com,"Cataluña, 'Tierra de gigantes': las colosales esculturas que 'vigilan' desde las alturas",EFE,"Cataluña es 'Tierra de gigantes', y no solo por la tradición de crear figuras de reyes y reinas...",https://www.elconfidencial.com/espana/cataluna/2025-08-18/cataluna-tierra-de-gigantes-las-colosales-esculturas-que-vigilan-desde-las-alturas_4191643/,"https://images.ecestaticos.com/PZkchPz27mKBmYP-jDARMsMtvtA=/0x0:2272x1515/600x315/filters:fill(white):format(jpg):quality(99):watermark(f.elconfidencial.com/file/bae/eea/fde/baeeeafde1b3229287b0c008f7602058.png,0,275,1)/f.elconfidencial.com/original/371/b8f/bde/371b8fbde635c83c519ffeafdc966cd5.jpg","Cataluña es 'Tierra de gigantes', y no solo por la tradición de crear figuras de reyes y reinas u otros personajes populares que salen a las calles para ambientar fiestas mayores y celebraciones dive… [+6028 chars]",2025-08-18T03:00:00,2025-07-27,2025-08-25
Banco Popular,Banco Popular,es,La Nacion,"Russo dio en la tecla, Paredes condujo a Boca, y Zeballos y Velasco decoraron la goleada en Mendoza",Leandro Contento,"El Xeneize cortó una racha de 120 días y 12 partidos sin ganar; así, se metió en zona de clasificación a la Libertadores",https://www.lanacion.com.ar/deportes/futbol/russo-dio-en-la-tecla-paredes-condujo-a-boca-y-zeballos-y-velasco-decoraron-la-goleada-en-mendoza-nid17082025/,https://resizer.glanacion.com/resizer/v2/velasco-convirtio-su-primer-gol-en-boca-tras-23-AK7IHW7CAVCKNPMIVRVLUPFC2U.JPEG?auth=a6c969c808f525e50c84b0b7f0d2b7de47d3d0329676c1adbe2559c3ef9120f5&width=1200&quality=70&smart=false&height=800,"Boca necesitaba un desahogo y lo consiguió en Mendoza. Después de 120 días y 12 partidos de sequía, el equipo de Miguel Russo volvió a ganar con un primer tiempo convincente frente a Independiente Ri… [+4548 chars]",2025-08-18T02:10:54,2025-07-27,2025-08-25
Banco Popular,Banco Popular,es,La Nacion,"“Tuto” Quiroga, el expresidente que fue un crítico acérrimo de Evo Morales y promete un “cambio radical” en Bolivia",LA NACION,"Busca revertir lo que él llama “20 años perdidos” bajo el gobierno del MAS y apoya recortes profundos en el gasto público y un alejamiento de las alianzas con Venezuela, Cuba y Nicaragua",https://www.lanacion.com.ar/el-mundo/tuto-quiroga-el-expresidente-que-fue-un-critico-acerrimo-de-evo-morales-y-promete-un-cambio-radical-nid17082025/,https://resizer.glanacion.com/resizer/v2/el-expresidente-boliviano-y-candidato-C3PIBVTDUFCHTKOFITLUTQEJWY.JPG?auth=6b9ebbe14c389a874aa6db3a2073e6bfe0488998716af8127f93b4251b4adb34&width=1200&quality=70&smart=false&height=800,"LA PAZ.- Un mensaje en su cuenta de X resume por qué el expresidente Jorge Tuto Quiroga cree que llegó el momento de poner fin a dos décadas de gobiernos izquierdistas.
Después de 20 años de evismo/… [+5256 chars]",2025-08-18T01:39:25,2025-07-27,2025-08-25
ECOPETROL,ECOPETROL,es,Elespectador.com,Pablo Bustos sale en defensa de Ecopetrol,Sevillano,"Pablo Bustos, presidente de la Red de Veedurías hizo un llamado urgente a las para que se aalvaguarde la reputación de Ecopetrol, luego de las recientes declaraciones del expresidente de Hocol, Luis Enrique Rojas Cuéllar, en las que insinúa presuntas irregula…",https://blogs.elespectador.com/oscar-sevillano/pablo-bustos-sale-en-defensa-de-ecopetrol/,https://blogsnew.s3.amazonaws.com/wp-content/uploads/2025/08/17194253/3SXVAWDLPJBSTJZZERTUOFOXPY.jpg,"Pablo Bustos, presidente de la Red de Veedurías hizo un llamado urgente a las para que se aalvaguarde la reputación de Ecopetrol, luego de las recientes declaraciones del expresidente de Hocol, Luis … [+2138 chars]",2025-08-18T00:46:17,2025-07-27,2025-08-25
ISA,ISA,es,Lavozdegalicia.es,¿Diez millones de euros para Isabel Pantoja por contar su vida en un documental y en una serie?,La Voz,"Según el programa «Fiesta», la viuda de Paquirri, que mantiene una elevada deuda con Hacienda, ya habría cobrado parte de esa cantidad",https://www.lavozdegalicia.es/noticia/gente/2025/08/17/diez-millones-euros-isabel-pantoja-contar-vida-documental-serie/00031755420564494873951.htm,https://img.lavdg.com/sc/YCF7vTzOpybZNyG6gfgoST071Y8=/1280x/2025/06/30/00121751287801914866541/Foto/H07D3150.jpg,No habrá revelación de secretos sobre su amistad con Encarna Sánchez. Tampoco se abordará el estrecho vínculo que mantuvo con María del Monte. No quiere profundizar en los detalles de su paso por pri… [+2968 chars],2025-08-17T09:45:00,2025-07-27,2025-08-25
ENEL,ENEL,es,Milenio,‘Spanky’ y otros deportados en Tijuana inspiran nuevos comienzos en la frontera,Celia Guerrero,"DOMINGA.- Una tarde de enero de 2024, José Arce acompañó a una de sus hijas al cruce migratoriode San Ysidro en Tijuana. Él es un tatuador mexicano conocido como Spanky, creció en Los Ángeles pero fue deportado en 2009, quedando toda su familia al otro lado. …",https://www.milenio.com/politica/deportaciones-en-la-era-de-trump-un-tatuador-transforma-sus-historias,https://cdn.milenio.com/uploads/media/2025/08/14/tatuador-tijuana-vuelta-tragedia-deportados.jpg,"DOMINGA.- Una tarde de enero de 2024, José Arce acompañó a una de sus hijas al cruce migratorio de San Ysidro en Tijuana. Él es un tatuador mexicano conocido como Spanky, creció en Los Ángeles pero f… [+19683 chars]",2025-08-17T06:27:30,2025-07-27,2025-08-25
ISA,ISA,es,Www.abc.es,"De farra por Jerez con Los Delinqüentes: «Migue murió con solo 21 años, pero vivió diez vidas, como los genios»",(abc),"Octubre de 1998. Diego Pozo recuerda perfectamente la noche en que El Chusco, uno de esos «personajes bohemios de Jerez», siempre con la sonanta a cuestas cantando por fandangos y bulerías, entró en el pub Los Dos Deditos y le avisó de que en la calle había d…",https://www.abc.es/cultura/musica/farra-jerez-delinquentes-migue-murio-solo-anos-20250817185748-nt.html,https://s1.abcstatics.com/abc/www/multimedia/cultura/2025/08/17/Los_Delinquentes_ABC_2_20250809172412-U04746578375MQA-1024x512@diario_abc.jpg,"Octubre de 1998. Diego Pozo recuerda perfectamente la noche en que El Chusco, uno de esos «personajes bohemios de Jerez», siempre con la sonanta a cuestas cantando por fandangos y bulerías, entró en … [+18556 chars]",2025-08-16T23:55:46,2025-07-27,2025-08-25
Banco de Occidente,Banco de Occidente,es,Expansion.com,JPMorgan reorganiza su banca privada para blindar a las grandes fortunas,Sergio Saiz,"JPMorgan Chase ha puesto en marcha una reestructuración en su división de banca privada que contempla la creación de una división transversal para impulsar operaciones internacionales, con el objetivo puesto en las grandes fortunas del planeta que buscan dive…",https://www.expansion.com/empresas/banca/2025/08/16/68a0844c468aeb853f8b4580.html,https://phantom-expansion.uecdn.es/adb6b2f5d6a1b7c7db329c349f759fa3/crop/122x56/1982x1296/resize/1200/f/webp/assets/multimedia/imagenes/2025/08/16/17553664682813.jpg,"JPMorgan Chase ha puesto en marcha una reestructuración en su división de banca privada que contempla la creación de una división transversal para impulsar operaciones internacionales, con el objetiv… [+4244 chars]",2025-08-16T17:49:57,2025-07-27,2025-08-25
ENEL,ENEL,es,Latercera.com,Enel anuncia cortes de luz en cuatro comunas de la RM,María José Halabi,"Para revisar las zonas afectadas, la empresa publicó en su sitio web un mapa interactivo.",https://www.latercera.com/nacional/noticia/enel-anuncia-cortes-de-luz-en-cuatro-comunas-de-la-rm/,https://www.latercera.com/resizer/v2/O4UHEAR2L5GNTPFEMUYSTPAD2Y.jpg?auth=3bbc8bff4bee208f35e8a74e25e7baf153cce1aac6667a4c899ccab8300984eb&height=630&width=1200&smart=true,"La empresa Enel Distribución informó que este sábado 16 se realizará un corte de luz programado en La Granja, Peñalolén, Ñuñoa y Providencia de la región Metropolitana.
Esta interrupción, que es por… [+847 chars]",2025-08-16T13:54:58,2025-07-27,2025-08-25
Banco de Occidente,Banco de Occidente,es,Elperiodico.com,Las elecciones en Bolivia preparan el retorno de la derecha al poder,Abel Gilbert,Unos siete millones de bolivianos participarán este domingo de unas elecciones presidenciales que pueden poner fin a un ciclo histórico de dos décadas durante las cuales gobernó la izquierda con un paréntesis de un año debido al golpe de Estado contra Evo Mor…,https://www.elperiodico.com/es/internacional/20250816/elecciones-bolivia-preparan-retorno-derecha-poder-120659412,https://estaticos-cdn.prensaiberica.es/clip/74ea13d5-b924-4440-bc2b-e7013c7119b4_16-9-discover-aspect-ratio_default_0.jpg,Unos siete millones de bolivianos participarán este domingo de unas elecciones presidenciales que pueden poner fin a un ciclo histórico de dos décadas durante las cuales gobernó la izquierda con un p… [+6071 chars],2025-08-16T13:00:37,2025-07-27,2025-08-25
ISA,ISA,es,Formulatv.com,'La pirámide' desaparece también de La 2 tras detener sus grabaciones,Redacción,ADIÓS A LAS REPOSICIONES Las reposiciones del concurso de Itziar Miranda cesan su emisión en el canal secundario de RTVE. 'La pirámide' desaparece también de La 2 tras detener sus grabaciones,https://www.formulatv.com/noticias/la-piramide-desaparece-tambien-la-2-detener-grabar-134399/,https://www.formulatv.com/images/articulos/134000/134399_Vc67iYRF1sa3z9moHvLP58qxW20Bgk4Ut-hog.jpg,"Tras su desaparición paulatina de La 1 con la estrategia de duplicar 'Malas lenguas', 'La pirámide' ha ido perdiendo prácticamente todos sus huecos en las parrillas de Televisión Española. A pesar de… [+1601 chars]",2025-08-16T11:45:00,2025-07-27,2025-08-25
ISA,ISA,es,Lavozdegalicia.es,"Muere a los 12 años Isabel Guerrero, la niña que visibilizó la lucha contra el cáncer infantil",La Voz,Con solo siete meses sobrevivió a una leucemia del lactante. Diez años más tarde no pudo superar un tumor cerebral del que solo hay 25 casos diagnosticados en el mundo,https://www.lavozdegalicia.es/noticia/sociedad/2025/08/16/muere-12-anos-isabel-guerrero-nina-visibilizo-lucha-contra-cancer-infantil/00031755332485128781167.htm,https://img.lavdg.com/sc/mjqVsPxNsjwqj4SslvOOP4hwRuI=/1280x/2025/08/16/00121755336933280411534/Foto/isaguerrero.jpg,"Con 12 años recién cumplidos, Isabel Guerrero, la niña que ayudó a visibilizar la realidad del cáncer infantil, ha fallecido como consecuencia de su enfermedad, tal y como ha informado la Fundación C… [+4478 chars]",2025-08-16T09:40:00,2025-07-27,2025-08-25
ENEL,ENEL,es,Culturaocio.com,"James Gunn, alto y claro: Superman debe ser ""abrazable"" y Batman ""un puto maniaco""",,"James Gunn, el mandamás creativo del nuevo Universo DC, tiene muy claro cómo quiere que el público perciba a los personajes más emblemáticos de su macrofranquicia. Así, el copresidente de DC Studios y director y guionista de Superman, afirma que, a pesar de s…",https://www.culturaocio.com/cine/noticia-james-gunn-alto-claro-superman-debe-ser-abrazable-batman-puto-maniaco-20250816102250.html,https://img.europapress.es/fotoweb/fotonoticia_20250816102250_1200.jpg,"MADRID, 16 Ago. (CulturaOcio) - 
   James Gunn, el mandamás creativo del nuevo Universo DC, tiene muy claro cómo quiere que el público perciba a los personajes más emblemáticos de su macrofranquicia… [+2980 chars]",2025-08-16T08:22:50,2025-07-27,2025-08-25
ISA,ISA,es,Mundodeportivo.com,"La dura pérdida de Paula Echevarría durante sus vacaciones: ""Descansa en paz pequeña""",Autor Redacción,Paula Echevarría está disfrutando de sus vacaciones en Marbella cuando ha recibido una noticia que le ha dejado helado. La presentadora de televisión ha decidido compartir esta mala noticia que le ha llegado en plenas vacaciones y su perfil de Instagram se ha…,https://www.mundodeportivo.com/elotromundo/gente/20250816/1002515503/dura-perdida-paula-echevarria-vacaciones-descansa-paz-pequena-dct.html,https://www.mundodeportivo.com/files/og_thumbnail/uploads/2025/02/03/67a135aba691a.jpeg,Paula Echevarría está disfrutando de sus vacaciones en Marbella cuando ha recibido una noticia que le ha dejado helado. La presentadora de televisión ha decidido compartir esta mala noticia que le ha… [+1861 chars],2025-08-16T07:39:16,2025-07-27,2025-08-25
Grupo SURA,Grupo SURA,es,Jotdown.es,El fuego y la creación en el arte y la arquitectura en México,Ricardo Jonás G.,"Mucho antes de que la palabra «México» se pronunciara en voz alta, ya ardía el fuego en el corazón de esta tierra. En el mito nahua de la creación del «Quinto Sol», el sol bajo el cual vivimos según los mexicas, el mundo actual nace de un acto de fuego: […]",https://www.jotdown.es/2025/08/fuego-creacion-arte-arquitectura-mexico/,https://www.jotdown.es/wp-content/uploads/2025/05/El-fuego-y-la-creacion-en-el-arte-y-la-arquitectura-en-Mexico-1.jpg,"Detalle de El hombre creador y rebelde, fresco de José Clemente Orozco en la cúpula del Paraninfo Enrique Díaz de León, Museo de las Artes de la Universidad de Guadalajara. Fotografía: Renata Cedillo… [+15851 chars]",2025-08-16T06:00:43,2025-07-27,2025-08-25
ENEL,ENEL,es,Www.df.cl,El IPSA en máximo histórico: mercado apuesta a que pasará los 9.000 puntos,Francisco Noguera,"El principal índice bursátil del país acumula un alza de 30% en lo que va del año, marcando récord en pesos, dólares y alcanzando en UF su nivel más alto en 14 años. Los 8.742 puntos que cerró esta semana podrían ser solo una parte de su avance.",https://www.df.cl/senal-df/senales-financieras/el-ipsa-en-maximo-historico-mercado-apuesta-a-que-pasara-los-9-000-puntos,https://www.df.cl/noticias/site/artic/20250814/imag/foto_0000001020250814202321/2025-03-15_Bolsa02_copia.jpg,"Las bolsas mundiales protagonizan un rally y Chile no es la excepción. Esta semana, el índice que reúne a las principales plazas bursátiles del mundo (MSCI World Index) cerró en máximos históricos, t… [+8359 chars]",2025-08-16T02:52:00,2025-07-27,2025-08-25
ISA,ISA,es,Lavozdegalicia.es,"Las veteranas del Club de Remo abren el telón de los Pincheiros: «A idade é só un número, nunca un obstáculo»",María López,"Las pregoneras, ejemplo de trabajo y tesón, inauguraron las fiestas de A Pobra",https://www.lavozdegalicia.es/noticia/barbanza/2025/08/16/veteranas-club-remo-abren-telon-pincheiros-span-langgl-idade-e-so-numerospan/0003_202508B16C4991.htm,https://img.lavdg.com/sc/yE99Fz1gDzCQ-K07JSCwOIyD8F8=/1280x/2025/08/15/00121755289262446817309/Foto/b_20250815_221358005.jpg,"A Pobra dio el pistoletazo de salida oficial a sus arraigadas fiestas del Carme dos Pincheiros, que hasta el lunes abarrotarán de música, alegría y buen ambiente las calles del pueblo. Este año las e… [+3201 chars]",2025-08-15T20:27:00,2025-07-27,2025-08-25
ENEL,ENEL,es,Libertaddigital.com,"Un fiscal, dos fontaneros del PSOE y un señor de Murcia",Pedro Gil Ruiz,El fiscal Ignacio Stampa se reunió con los fontaneros Leire Díez y Javier Pérez Dolset -que en esas fechas iban a destajo- para hablar de sus cosas.,https://www.libertaddigital.com/opinion/2025-08-15/pedro-gil-ruiz-un-fiscal-dos-fontaneros-del-psoe-y-un-senor-de-murcia-7286362/,https://s.libertaddigital.com/2024/04/10/1200/627/979x633/ld/ignacio-estampa.jpg,"Hay una pregunta cuya respuesta seguro que a los lectores de Libertad Digital les gustaría conocer. Según se ha publicado, el fiscal Ignacio Stampa se reunió con los fontaneros Leire Díez y Javier Pé… [+5464 chars]",2025-08-15T19:58:17,2025-07-27,2025-08-25
ISA,ISA,es,Meneame.net,"Muere Isabel Guerrero, la niña que fue diagnosticada de cáncer a la que vez que su padre",Antipalancas21,"Isabel Guerrero, la niña de 12 años que haciendo honor a su apellido luchó por superar un cáncer, ha fallecido en el hospital de la Paz de Madrid. Se da la fatal circunstancia de que Isa, como la conocían todos, fue diagnosticada de su enfermedad el mismo día…",https://www.meneame.net/m/actualidad/muere-isabel-guerrero-nina-fue-diagnosticada-cancer-vez-padre,https://www.meneame.net/backend/media?type=link&id=4087360&version=0&ts=1755279066&image.webp,,2025-08-15T17:27:17,2025-07-27,2025-08-25
ISA,ISA,es,Www.abc.es,El inesperado romance entre la abogada Beatriz Uriarte y el paparazzo Jordi Martín,(abc),"Cuando Juango Ospina saltó a la fama como abogado de la familia de Edwin Arrieta el mundo empezó a conocer también a Beatriz Uriarte , su compañera de despacho . Esta joven abogada, de 30 años, pronto se convirtió en un personaje mediático en sí mismo por sus…",https://www.abc.es/gente/inesperado-romance-abogada-beatriz-uriarte-paparazzo-jordi-20250815154612-nt.html,https://s1.abcstatics.com/abc/www/multimedia/gente/2025/08/15/bea-jordi-U04807708815dFW-1024x512@diario_abc.jpg,"Cuando Juango Ospina saltó a la fama como abogado de la familia de Edwin Arrieta el mundo empezó a conocer también a Beatriz Uriarte, su compañera de despacho. Esta joven abogada, de 30 años, pronto … [+2840 chars]",2025-08-15T13:46:12,2025-07-27,2025-08-25
ISA,ISA,es,Hola,"De Paula Echevarría a Sergio Peris Mencheta: el adiós a Isa, la niña de 12 años diagnosticada de cáncer a la vez que su padre",Virginia del Río,"Dani Guerrero fue operado el pasado 3 de octubre, el mismo día que intervenían a su hija",https://www.hola.com/actualidad/20250815850373/de-paula-echevarria-a-sergio-peris-mencheta-el-adios-a-isa-la-nina-de-12-anos-diagnosticada-de-cancer-a-la-vez-que-su-padre/,https://www.hola.com/horizon/landscape/f467d3937da5-n.jpg?im=Resize=(1200),"No pudo ser. A pesar de la lucha de su familia y de la Unidad CRIS de Terapias Avanzadas del hospital de La Paz, no pudo ser. Isabel Guerrero, la niña que se convirtió en una poderosa voz para visibi… [+4461 chars]",2025-08-15T11:30:05,2025-07-27,2025-08-25
ISA,ISA,es,El Mundo,"Muere Isabel Guerrero, la niña de 12 años que visibilizó la lucha contra el cáncer infantil",EL MUNDO,Con menos de un año se enfrentó a un tumor sanguíneo y a los 11 a uno cerebral que sólo tienen 25 personas en el mundo. La Fundación Cris contra el Cáncer lamenta su fallecimiento Leer,https://www.elmundo.es/ciencia-y-salud/salud/2025/08/15/689f142cfdddff56488b45a2.html,https://phantom-elmundo.uecdn.es/a701f7e8566aafe73f5e76eff45ac4b8/crop/0x0/880x587/f/webp/assets/multimedia/imagenes/2025/08/15/17552554837689.jpg,"El fallecimiento de Isabel Guerrero, a los 12 años, como consecuencia del cáncer que padecía ha vestido de luto a la Fundación CRIS Contra el Cáncer. ""Todo el equipo de la misma y de la Unidad CRIS d… [+4129 chars]",2025-08-15T11:22:12,2025-07-27,2025-08-25
ISA,ISA,es,Excelsior.com.mx,"Encinas, no hagas cosas buenas…",vanessa.lozano,"<ul>
<li>Hay serias dudas en la mayoría de los empresarios de que vaya a haber piso parejo.</li>
</ul>
Empresarios de publicidad exterior en la Ciudad de México levantaron la ceja, luego de que no todos fueron tomados en cuenta para las consultas del gobierno…",https://www.excelsior.com.mx/opinion/adrian-rueda/encinas-no-hagas-cosas-buenas/1733205,https://www.excelsior.com.mx/media/opinion/vertical/2017/10/15/1775316.jpg,"<ul><li>Hay serias dudas en la mayoría de los empresarios de que vaya a haber piso parejo.</li></ul>Empresarios de publicidad exterior en la Ciudad de México levantaron la ceja, luego de que no todos… [+3356 chars]",2025-08-15T07:52:55,2025-07-27,2025-08-25
ENEL,ENEL,es,Milenio,Terminaron de 'narcos' grupos de autodefensa en Michoacán,Ángel Hernández,"Las autodefensasque surgieron en Michoacánpara hacer frente a los cárteles se han convertido en organizaciones criminales y ayer fueron acusadas y sancionadas en EU por tráfico de fentanilo, metanfetamina y cocaína, así como por extorsión.Washingtonasestó un …",https://www.milenio.com/politica/terminaron-de-narcos-grupos-de-autodefensa-en-michoacan,https://cdn.milenio.com/uploads/media/2025/08/15/fichas-de-busqueda-de-los.jpg,"Las autodefensas que surgieron en Michoacán para hacer frente a los cárteles se han convertido en organizaciones criminales y ayer fueron acusadas y sancionadas en EU portráfico de fentanilo, metanfe… [+7425 chars]",2025-08-15T06:51:56,2025-07-27,2025-08-25
ENEL,ENEL,es,Elperiodico.com,"David Saldoni, del Parlament a Colombia: ""No se puede criminalizar a todo un colectivo, yo soy un inmigrante aquí""",Carlota Camps,"""Quería vivir una nueva vida"". David Saldoni (Sallent, 1976) dejó el acta de diputado en el Parlament en mayo para poner rumbo a Bogotá. No fue una decisión de un día para otro, sino que la meditó durante años. En 2023, mientras paseaba por las calles de la c…",https://www.elperiodico.com/es/politica/20250815/david-saldoni-parlament-colombia-yo-soy-inmigrante-junts-orriols-alianca-120266059,https://estaticos-cdn.prensaiberica.es/clip/c047a56b-3cf0-4bd2-85ea-a8aba63b104b_16-9-discover-aspect-ratio_default_0.jpg,"""Quería vivir una nueva vida"". David Saldoni (Sallent, 1976) dejó el acta de diputado en el Parlament en mayo para poner rumbo a Bogotá. No fue una decisión de un día para otro, sino que la meditó du… [+6169 chars]",2025-08-15T04:00:56,2025-07-27,2025-08-25
Banco de Occidente,Banco de Occidente,es,DW (English),Cuatro años de gobierno talibán: poder y sufrimiento en Afganistán,Waslat  Hasrat-Nazimi,"En 2021, los talibanes islamistas radicales tomaron el poder en Afganistán. Cuatro años después, una grave crisis humanitaria continúa azotando el país. En agosto de 2021, la toma de control de Afganistán por el régimen de los talibanesparecía ser algo tempor…",https://www.dw.com/es/cuatro-a%C3%B1os-de-gobierno-talib%C3%A1n-poder-y-sufrimiento-en-afganist%C3%A1n/a-73644692,https://static.dw.com/image/58873865_6.jpg,"En agosto de 2021, la toma de control de Afganistán por el régimen de los talibanesparecía ser algo temporal. Los observadores creían que el país quedaría aislado internacionalmente bajo el liderazgo… [+5425 chars]",2025-08-14T19:08:00,2025-07-27,2025-08-25
ISA,ISA,es,Adslzone.net,Este proyector 4K de Xgimi cuesta 350 € menos con el descuento de PcComponentes,Raquel Holgado,PcComponentes ha puesto el proyector inteligente Xgimi Horizon Ultra 4K en oferta. Se trata de uno de los modelos más avanzados del mercado y puedes comprarlo por 350 € menos de lo que cuesta originalmente. El precio recomendado del Xgimi Horizon Ultra 4K es …,https://www.adslzone.net/ofertas/mix/pccomponentes-proyector-xgimi-horizon-ultra-4k-0825/,https://www.adslzone.net/app/uploads-adslzone.net/2025/08/proyector-Xgimi-Horizon-Ultra-4K-encendido-.png,"El precio recomendado del Xgimi Horizon Ultra 4K es de 1.899 , pero PcComponentes lo está vendiendo por solo 1.549 . No es un proyector cualquiera, sino que es uno de la gama premium de Xgimi, con re… [+4526 chars]",2025-08-14T11:03:10,2025-07-27,2025-08-25
ENEL,ENEL,es,Silicon.es,Ayesa espera crecer un 25 % cada año en proyectos de inteligencia artificial,Redacción Silicon,Invertirá en la certificación de consultores en las últimas soluciones de sus partners tecnológicos.,https://www.silicon.es/ayesa-espera-crecer-un-25-cada-ano-en-proyectos-de-inteligencia-artificial-2571517,https://www.silicon.es/wp-content/uploads/2011/12/Fuente-Shutterstock_Autor-Filipe-Frazao_inversion.jpg,"Ayesa quiere impulsar el desarrollo y la implementación de los agentes de inteligencia artificial (IA) en diferentes sectores. Y, para ello, anuncia un plan de inversión que le debería permitir crece… [+1406 chars]",2025-08-14T07:30:10,2025-07-27,2025-08-25
ENEL,ENEL,es,La Nacion,"Taylor Swift presentó la tapa de su nuevo álbum, The Life of a Showgirl, y sorprendió a sus fanáticos",LA NACION,"Mediante su cuenta de Instagram, la artista estadounidense adelantó la portada de lo que será su próximo disco, el cual estará disponible el 3 de octubre",https://www.lanacion.com.ar/espectaculos/taylor-swift-presento-la-tapa-de-su-nuevo-album-the-life-of-a-showgirl-nid13082025/,https://resizer.glanacion.com/resizer/v2/taylor-swift-no-deja-de-sorprender-a-sus-PA2S5XMBDFCOVNQCXUJQDZ2DAA.jpg?auth=ec13968644d44569ba83f030acca7b3c8c5e42cdfe4724f822e333e5589f6630&width=1200&quality=70&smart=false&height=800,"Luego de dar a conocer el lanzamiento de su nuevo álbum, The Life Of A Showgirl, en el programa de streaming de su novio, Travis Kelce, Taylor Swiftadelantó este miércoles cómo será la tapa.
Y, cari… [+1859 chars]",2025-08-14T00:10:34,2025-07-27,2025-08-25
Banco de Occidente,Banco de Occidente,es,Elchapuzasinformatico.com,"¿No has podido pagar con PayPal en Steam? Es normal, han roto en muchos países y su plataforma de pago solo está habilitada en varias monedas",Protector Indefinido,"En una rama de Reddit en el día de ayer, la propia Valve a través de su cuenta de Steam en el foro dio a conocer el problema que enfrentan millones de usuarios alrededor del planeta con PayPal. Y es que las dos compañías tienen muchas discrepancias con las pl…",https://elchapuzasinformatico.com/2025/08/paypal-rompe-steam-plataforma-pagos-bancos-alto-riesgo/,https://elchapuzasinformatico.com/wp-content/uploads/2025/08/PayPal-no-esta-disponible-en-muchos-paises-donde-esta-Steam.jpg,"En una rama de Reddit en el día de ayer, la propia Valve
a través de su cuenta deSteam en el foro
dio a conocer el problema que enfrentan millones de usuarios alrededor del
planeta con PayPal. Y e… [+3399 chars]",2025-08-13T17:26:49,2025-07-27,2025-08-25
ENEL,ENEL,es,Culturaocio.com,"El final de Alien: Planeta Tierra 1x02, explicado: ¿Ha muerto ((SPOILER))?",,"Alien: Planeta Tierra, serie que amplía el universo que iniciara Ridley Scott en 1979 con Alien, el octavo pasajero, ha comenzado su andadura en Disney+. A diferencia de otras producciones de la franquicia, la ficción está ambientada en la Tierra y en sus dos…",https://www.culturaocio.com/tv/noticia-final-alien-planeta-tierra-1x02-explicado-muerto-spoiler-20250813185814.html,https://img.europapress.es/fotoweb/fotonoticia_20250813185814_1200.jpg,"MADRID, 13 Ago. (CulturaOcio) - 
   Alien: Planeta Tierra, serie que amplía el universo que iniciara Ridley Scott en 1979 con Alien, el octavo pasajero, ha comenzado su andadura en Disney+. A difere… [+3034 chars]",2025-08-13T16:58:14,2025-07-27,2025-08-25
ENEL,ENEL,es,El Financiero,Cuenta regresiva de Olinia: ¿Cuándo presentarán los diseños de los autos eléctricos y cuál es su logo?,Redacción,"Actualmente, se trabaja en los primeros dos diseños del auto eléctrico mexicano Olinia, uno de ellos es para uso particular y el otro como vehículo de transporte de carga.",https://www.elfinanciero.com.mx/empresas/2025/08/13/cuenta-regresiva-de-olinia-cuando-presentaran-los-disenos-de-los-autos-electricos-y-cual-es-su-logo/,https://www.elfinanciero.com.mx/resizer/v2/BTMUW5M3RBCB5AS4AGUHGIMVYU.jpg?smart=true&auth=d7618b37dab2509d81928994e8a61f6ef731c4958d00405a6ad45102adac58e3&width=1200&height=630,"Comienza la cuenta regresiva para conocer los detalles y primeros diseños de Olinia, el primer auto eléctrico mexicano, impulsado por la presidenta Claudia Sheinbaum. 
Roberto Capuano, director del … [+2878 chars]",2025-08-13T16:54:25,2025-07-27,2025-08-25
Banco de Occidente,Banco de Occidente,es,Elconfidencial.com,"Cox, Vodafone, Catalana Occidente, MasOrange y Naturgy protagonizan las mayores operaciones corporativas del año",Servimedia,"Según el informe semestral de TTR Data, España registró 1.488 fusiones y adquisiciones por un valor total de más de 47.000 millones de euros, lo que representa una caída interanual del 17 % en volumen y del 19 % en valor",https://www.elconfidencial.com/empresas/2025-08-13/cox-masorange-vodafone-catalana-occidente-naturgy-mayores-operaciones-corporativas_4190917/,"https://images.ecestaticos.com/hP72D8BCXKwujmjw-XdeTAAGW4Y=/0x0:2272x1514/600x315/filters:fill(white):format(jpg):quality(99):watermark(f.elconfidencial.com/file/bae/eea/fde/baeeeafde1b3229287b0c008f7602058.png,0,275,1)/f.elconfidencial.com/original/05b/122/26a/05b12226a4270f6dd61e15c5d02bb869.jpg","Cox, MasOrange, Vodafone, Catalana Occidente y Naturgy han protagonizado algunas de las operaciones corporativas más importantes de la primera parte del año, con adquisiciones y decisiones que han im… [+4688 chars]",2025-08-13T14:48:00,2025-07-27,2025-08-25
Banco de Occidente,Banco de Occidente,es,La Nacion,Los líderes europeos y Zelensky buscan convencer a Trump antes de su cumbre con Putin,LA NACION,Se llevarán adelante varias videoconferencias durante el día de hoy para presionar al mandatario estadounidense antes de la reunión del viernes; Zelensky advierte sobre las verdaderas intenciones de Rusia,https://www.lanacion.com.ar/el-mundo/los-lideres-europeos-y-zelensky-buscan-convencer-a-trump-antes-de-su-cumbre-con-putin-nid13082025/,https://resizer.glanacion.com/resizer/v2/zelensk-camina-junto-a-merz-a-su-llegada-al-6GCHBPA7OBH2FILJDXLEDTYMN4.JPG?auth=c9dcf9e877f730036da5e90c4435196c1e57bce5d4387a044123d701ed9f91b2&width=1200&quality=70&smart=false&height=868,"BERLÍN.- El presidente de Ucrania, Volodimir Zelensky, llegó el miércoles a Berlín para mantener conversaciones con el canciller de Alemania, Friedrich Merz,y reuniones virtuales con otros líderes eu… [+6947 chars]",2025-08-13T13:58:30,2025-07-27,2025-08-25
ISA,ISA,es,La Nacion,"Pidió vacaciones, viajó a Europa y perdió su trabajo por un error de su jefe",EL TIEMPO (GDA),La mujer cumplió con sus obligaciones laborales y luego la despidieron por incumplimiento de contrato; todos los detalles de la historia en la nota,https://www.lanacion.com.ar/lifestyle/en-las-redes/pidio-vacaciones-viajo-a-europa-y-perdio-su-trabajo-por-un-error-de-su-jefe-nid13082025/,https://resizer.glanacion.com/resizer/v2/pidio-vacaciones-viajo-a-europa-y-perdio-su-SGVG4WPPP5EHFLPVILHDVX43O4.jpg?auth=ae87946b4f23d2adb3f543870b56517a64b97706c27db3d4c94d92174cdb4e52&width=1200&quality=70&smart=false&height=900,"En redes sociales circuló el video de una joven mexicana, identificada como Isa González, quien compartió la historia de la ocasión en la que perdió su trabajo por un error de su jefe. Al menos cumpl… [+1799 chars]",2025-08-13T10:26:31,2025-07-27,2025-08-25
ISA,ISA,es,Hola,"El duro mensaje de Kiko Rivera durante su viaje a Menorca: “Ver a mis hijos y mis sobrinos crear recuerdos juntos no tiene precio""",Cynthia Serna Box,"El hijo de la tonadillera sigue sin mantener contacto con su madre y su hermana, Isa Pantoja, que recientemente ha sido madre",https://www.hola.com/actualidad/20250813849916/el-duro-mensaje-de-kiko-rivera-durante-su-viaje-a-menorca/,https://www.hola.com/horizon/landscape/ac1cb690ed81-kiko.jpg?im=Resize=(1200),"Kiko Rivera sigue ajeno a las polémicas familiares, pero no ha dudado en lanzar un más que sutil dardo relacionado con sus diversas polémicas familiares. ¿Se lo mandará a Isabel Pantoja?. La tonadill… [+3304 chars]",2025-08-13T10:06:33,2025-07-27,2025-08-25
ENEL,ENEL,es,Eleconomista.es,"AbbVie invertirá 166,2 millones para ampliar su planta en Chicago",Rocío Antolín,"Los detalles del proyecto de AbbVie para reforzar su producción en Estados Unidos comienzan a salir a la luz. Y es que la farmacéutica ha anunciado una inversión de 166,2 millones de euros para expandir sus instalaciones en el norte de Chicago (Illinois) con …",https://www.eleconomista.es/salud-bienestar/noticias/13503185/08/25/abbvie-invertira-1662-millones-para-ampliar-su-planta-en-chicago.html,https://s03.s3c.es/imag/_v0/1200x800/0/0/a/abbvie.jpg,"Los detalles del proyecto de AbbVie para reforzar su producción en Estados Unidos comienzan a salir a la luz. Y es que la farmacéutica ha anunciado una inversión de 166,2 millones de euros para expan… [+1724 chars]",2025-08-13T09:44:28,2025-07-27,2025-08-25
Grupo Energía de Bogotá,Grupo Energía de Bogotá,es,Milenio,La movilidad ineficiente frena el desarrollo y causa gentrificación,Fernanda Murillo,"El futuro de la movilidad en México requiere un enfoque integral que ponga al usuario al centro, ofrezca opciones de transporte interconectadas, tecnologías más eficientes y políticas públicas que incentiven la sostenibilidad y mejoren la calidad de vida de l…",https://www.milenio.com/milenio-foros/movilidad-ineficiente-frena-desarrollo-causa-gentrificacion,https://cdn.milenio.com/uploads/media/2025/08/13/panelistas-emplazan-desarrollar-tecnologias-eficientes-1.jpg,"El futuro de la movilidad en México requiere un enfoque integral que ponga al usuario al centro, ofrezca opciones de transporte interconectadas, tecnologías más eficientes y políticas públicas que in… [+6891 chars]",2025-08-13T06:28:08,2025-07-27,2025-08-25
Grupo SURA,Grupo SURA,es,Forbes.com.mx,Peso avanza tras datos de inflación en EU,Forbes Staff,"Forbes México.
 Peso avanza tras datos de inflación en EU

La moneda gana 0.38% luego de que cifras sobre los precios al consumidor en ese país afianzaron las apuestas por un recorte de tasas de la Fed en su próximo encuentro.
Peso avanza tras datos de inflac…",https://forbes.com.mx/peso-avanza-tras-datos-de-inflacion-en-eu-2/,https://cdn.forbes.com.mx/2023/06/FER_9754.webp,El peso y la Bolsa Mexicana de Valores avanzaron ante un declive generalizado del dólar luego de la publicación de cifras de inflación en Estados Unidos que afianzaron las apuestas por un recorte de … [+2646 chars],2025-08-12T21:39:56,2025-07-27,2025-08-25
ISA,ISA,es,La Nacion,"Los Pumas vs. All Blacks, por el Rugby Championship 2025: horarios de los partidos y cómo comprar entradas",LA NACION,"La selección argentina recibirá a Nueva Zelanda en las dos primera fechas del torneo, en Córdoba y en la Ciudad de Buenos Aires",https://www.lanacion.com.ar/deportes/rugby/los-pumas-vs-all-blacks-por-el-rugby-championship-2025-horarios-de-los-partidos-y-como-comprar-nid12082025/,https://resizer.glanacion.com/resizer/v2/los-pumas-le-suben-el-telon-al-rugby-championship-MRBEW2UJZZABJB244RUIUJQZ54.JPG?auth=c051845a8f793ddd9691b9ad7968f8e3daa78c2cfaa7051db23f77eab0c812eb&width=1200&quality=70&smart=false&height=800,"Los Pumas comenzarán su participación en el Rugby Championship 2025 con dos partidos como locales ante los All Blacks, ambos de local en Córdoba y la Ciudad de Buenos Aires, que serán, también los ún… [+3131 chars]",2025-08-12T17:24:13,2025-07-27,2025-08-25
ISA,ISA,es,Mundodeportivo.com,El duro mensaje de Kiko Rivera durante sus vacaciones con Irene Rosales,Autor Redacción,"Kiko Rivera ha aprovechado el verano para alejarse de tensiones y reencontrarse con lo que considera esencial: su familia. Junto a su mujer, Irene Rosales, y sus hijas, el hijo de Isabel Pantoja ha disfrutado de unos días en Menorca, donde ha encontrado la ca…",https://www.mundodeportivo.com/elotromundo/gente/20250812/1002513796/duro-mensaje-kiko-rivera-vacaciones-irene-rosales-mejor-sido-lugar-dct.html,https://www.mundodeportivo.com/files/og_thumbnail/files/fp/uploads/2024/12/28/67700926dd0b5.r_d.359-205-0.jpeg,"Kiko Rivera ha aprovechado el verano para alejarse de tensiones y reencontrarse con lo que considera esencial: su familia. Junto a su mujer, Irene Rosales, y sus hijas, el hijo de Isabel Pantoja ha d… [+1299 chars]",2025-08-12T16:50:17,2025-07-27,2025-08-25
Banco de Occidente,Banco de Occidente,es,Eleconomista.es,"La crisis aterriza en las cuentas de la banca rusa: los ingresos por préstamos se hunden en VTB, el segundo mayor banco del país",Víctor Blanco Moro,"La crisis que está presionando a Rusia, y que se está contagiando a la banca del país, ya empieza a tener algunas cifras públicas. El segundo mayor banco del país, VTB, controlado por el Gobierno, ha publicados sus resultados para la primera mitad del año, y …",https://www.eleconomista.es/mercados-cotizaciones/noticias/13502539/08/25/la-crisis-aterriza-en-las-cuentas-de-la-banca-rusa-los-ingresos-por-prestamos-se-hunden-en-vtb-el-segundo-mayor-banco-del-pais.html,https://s03.s3c.es/imag/_v0/2121x1414/4/2/b/1200x655_VTBBanco.jpg,"La crisis que está presionando a Rusia, y que se está contagiando a la banca del país, ya empieza a tener algunas cifras públicas. El segundo mayor banco del país, VTB, controlado por el Gobierno, ha… [+4268 chars]",2025-08-12T16:41:22,2025-07-27,2025-08-25
ENEL,ENEL,es,Xatakahome.com,"Samsung ha lanzado su primer televisor Micro RGB: una enorme pantalla de 115"" que pondrá en aprietos a los miniLED y OLED actuales",Paco Rodríguez,"Samsung lleva varios años apostando por la tecnología de pantallas microLED, la futura evolución de los actuales miniLED pero capaces de generar su propia iluminación como actualmente hacen los paneles OLED, aunque sin los problemas derivados por los componen…",https://www.xatakahome.com/televisores/samsung-ha-lanzado-su-primer-televisor-micro-rgb-enorme-pantalla-115-que-pondra-aprietos-a-miniled-oled-actuales,https://i.blogs.es/26ac09/3/1200_630.jpeg,"Samsung lleva varios años apostando por la tecnología de pantallas microLED, la futura evolución de los actuales miniLED pero capaces de generar su propia iluminación como actualmente hacen los panel… [+3710 chars]",2025-08-12T16:34:37,2025-07-27,2025-08-25
Banco de Occidente,Banco de Occidente,es,Www.abc.es,"La Biblioteca de Andalucía añade a su colección primeras ediciones de García Lorca, Vicente Aleixandre y otros autores de la Generación del 27",(abc),"La Consejería de Cultura y Deporte de la Junta de Andalucía ha adquirido cuatro primeras ediciones de autores andaluces de la Generación del 27, una acción que se enmarca en el programa de actividades conmemorativas de la celebración del centenario de este gr…",https://www.abc.es/sevilla/cultura/biblioteca-andalucia-anade-coleccion-primeras-ediciones-garcia-20250812140802-nts.html,https://s2.abcstatics.com/abc/www/multimedia/sevilla/2025/08/12/biblioteca1-U26561452474fzq-1024x512@diario_abc.jpeg,"La Consejería de Cultura y Deporte de la Junta de Andalucía ha adquirido cuatro primeras ediciones de autores andaluces de la Generación del 27, una acción que se enmarca en el programa de actividade… [+7038 chars]",2025-08-12T12:12:37,2025-07-27,2025-08-25
ENEL,ENEL,es,Eldiario.es,Endesa detecta más de 500 fraudes eléctricos en Canarias en los seis primeros meses del año,La Palma Ahora,"EMPRESAS - La manipulación de las instalaciones eléctricas perjudica al conjunto de los consumidores y genera graves riesgos para la seguridad de las personas



 Endesa, a través de su filial de redes e-distribución, ha detectado 536 fraudes eléctricos en l…",https://www.eldiario.es/canariasahora/lapalmaahora/economia/endesa-detecta-500-fraudes-electricos-canarias-seis-primeros-meses-ano_1_12529826.html,https://static.eldiario.es/clip/7c5e36d5-6583-47fa-a256-d2545d32f79d_facebook-watermarked-aspect-ratio_default_0.jpg,"Endesa, a través de su filial de redes e-distribución, ha detectado 536 fraudes eléctricos en los seis primeros meses del año en Canarias, lo que equivale a una media de casi 10 casos a la semana, in… [+4187 chars]",2025-08-12T10:42:38,2025-07-27,2025-08-25
ISA,ISA,es,Www.abc.es,Anabel Pantoja se emociona al oír hablar a su hija: «Mamá»,(abc),"Continúan los progresos de Anabel Pantoja en su faceta como madre y esta vez le ha tocado vivir -y contar- las primeras palabras de su hija de ocho meses , algo que toda la comunidad ha podido conocer gracias a la publicación de varios audios en el Instagram …",https://www.abc.es/gente/anabel-pantoja-emociona-oir-hablar-hija-mama-20250812122258-nt.html,https://s1.abcstatics.com/abc/www/multimedia/gente/2025/08/12/anabel-pantoja-mama-U52555776433OHx-1024x512@diario_abc.jpg,"Continúan los progresos de Anabel Pantoja en su faceta como madre y esta vez le ha tocado vivir -y contar- las primeras palabras de su hija de ocho meses, algo que toda la comunidad ha podido conocer… [+2770 chars]",2025-08-12T10:22:59,2025-07-27,2025-08-25
Banco de Occidente,Banco de Occidente,es,Elperiodico.com,La policía investiga a la trama rusa de blanqueo de la Costa Brava por la compra de dos naves industriales en Quart,"J. G. Albalat, Tono Calleja Flórez","La trama rusa de blanqueo de capitales que operaba en la Costa Brava también adquirió en 2010 dos naves en la población de Quart, a seis kilómetros de Girona, por 1,6 millones. La Unidad Central de Delincuencia Económica y Fiscal (UDEF) de la Policía Nacional…",https://www.elperiodico.com/es/politica/20250812/policia-investiga-trama-rusa-blanqueo-costa-brava-cataluna-putin-artyakov-120540487,https://estaticos-cdn.prensaiberica.es/clip/c2468b08-c732-47a0-b3d5-f035c9784569_16-9-discover-aspect-ratio_default_0.jpg,"La trama rusa de blanqueo de capitales que operaba en la Costa Brava también adquirió en 2010 dos naves en la población de Quart, a seis kilómetros de Girona, por 1,6 millones. La Unidad Central de D… [+4561 chars]",2025-08-12T05:29:01,2025-07-27,2025-08-25
ISA,ISA,es,Andro4all.com,"Arrasó en nuestro análisis, y ahora puedes conseguirlo con 700 euros de descuento: el proyector que mereces",Alejandro Mier,"Atención, cinéfilos y cinéfilas. Porque vaya chollazo. Ahora sí que sí podrás sumergirte de lleno en el cine en casa, gracias a que el XGIMI Horizon Ultra, uno de los proyectores que mejor nota se ha llevado en Andro4all, está disponible con 700 euros de reba…",https://andro4all.com/ofertas/arraso-en-nuestro-analisis-y-ahora-puedes-conseguirlo-con-700-euros-de-descuento-el-proyector-que-mereces,https://andro4all.com/hero/2023/08/proyector-xgimi-horizon-ultra-destacada.jpg?width=1200,"Un proyector espectacular, ahora con un enorme descuento / Fotografía de Christian Collado
Atención, cinéfilos y cinéfilas. Porque vaya chollazo. Ahora sí que sí podrás sumergirte de lleno en el cin… [+4166 chars]",2025-08-12T00:30:40,2025-07-27,2025-08-25
Bancolombia,Bancolombia,es,Expansion.com,Sacyr financia por 780 millones un corredor vial en Colombia,Expansión,"Sacyr Concesiones ha cerrado con éxito una financiación de 3,66 billones de pesos colombianos (unos 780 millones de euros) para la concesión del corredor vial...",https://www.expansion.com/empresas/inmobiliario/2025/08/12/689a7f9be5fdead5248b4593.html,https://phantom-expansion.uecdn.es/12bfe5fc2cb376350426d6a9b989ac49/crop/291x231/1930x1323/resize/1200/f/webp/assets/multimedia/imagenes/2025/08/12/17549560987604.jpg,"La financiación, que cuenta con estándares sostenibles, ha estado liderada y estructurada por JPMorgan.Sacyr Concesiones ha cerrado con éxito una financiación de 3,66 billones de pesos colombianos (u… [+1913 chars]",2025-08-11T23:49:22,2025-07-27,2025-08-25
ISA,ISA,es,Www.abc.es,Agustín Bravo habla alto y claro sobre cómo Isabel Pantoja presionó para que cesaran su programa en Canal Sur «tras hablar de ella y de Julián Muñoz»,(abc),Agustín Bravo está en plena gira de promoción de una obra de teatro en la que comparte cartel con su amigo Andoni Ferreño. Este acudió a ' Y Ahora Sonsoles ' (Antena 3) unos días antes de que Sonsoles Ónega se fuera de vacaciones y este lunes ha sido Bravo el…,https://www.abc.es/play/television/noticias/agustin-bravo-habla-alto-claro-sobre-isabel-20250811213933-nt.html,https://s1.abcstatics.com/abc/www/multimedia/play/2025/08/11/agustinbravoisabelpantoja-RmC4QfffbplYyrLwUfCddDM-1200x840@diario_abc.jpg,Agustín Bravo está en plena gira de promoción de una obra de teatro en la que comparte cartel con su amigo Andoni Ferreño. Este acudió a 'Y Ahora Sonsoles' (Antena 3) unos días antes de que Sonsoles … [+3102 chars],2025-08-11T19:39:33,2025-07-27,2025-08-25
Banco de Occidente,Banco de Occidente,es,La Nacion,El negocio de la IA: cómo la deuda y la inversión están moldeando el futuro de las grandes tecnológicas,The Economist,Qué pasa cuando una revolución tecnológica se topa con una revolución financiera,https://www.lanacion.com.ar/economia/el-negocio-de-la-ia-como-la-deuda-y-la-inversion-estan-moldeando-el-futuro-de-las-grandes-nid11082025/,https://resizer.glanacion.com/resizer/v2/durante-el-primer-semestre-de-2025-la-ZYEIJZCACNCBTDAHNIEAKDY75M.jpg?auth=c6f48c1964bd8eaa4854e76c1598610821d1238dcb2d11a8f27ece56a69fde36&width=1200&quality=70&smart=false&height=800,Las mayores empresas tecnológicas de Estados Unidos están combinando la rentabilidad de sus negocios en Silicon Valley con los balances de los del Valle del Ruhr. Los inversores que hace una década c… [+7680 chars],2025-08-11T17:49:54,2025-07-27,2025-08-25
Banco de Occidente,Banco de Occidente,es,Www.abc.es,Un gulag amable,(abc),"Cautivo y desarmado el viejo Occidente cristiano, el orden liberal alcanza sus últimos objetivos europeos: la apoteosis de la URSS en forma de UE, ese banco de tres patas: el despotismo de Wittfogel, la patocracia de Lobaczewski y el bioleninismo (un sistema …",https://www.abc.es/opinion/ignacio-ruizquintano-gulag-amable-20250812190757-nt.html,https://s1.abcstatics.com/abc/www/multimedia/opinion/2025/08/12/marx_20250811154537-U50860076378dco-1024x512@diario_abc.JPG,"Cautivo y desarmado el viejo Occidente cristiano, el orden liberal alcanza sus últimos objetivos europeos: la apoteosis de la URSS en forma de UE, ese banco de tres patas: el despotismo de Wittfogel,… [+2748 chars]",2025-08-11T17:07:57,2025-07-27,2025-08-25
ENEL,ENEL,es,Latercera.com,Las 7 comunas de la RM con corte de luz programado para este lunes,Sandar Estrella Oporto,"Revisa a continuación el detalle con los sectores afectados y horarios de la interrupción del servicio, requerida para la realización de trabajos.",https://www.latercera.com/servicios/noticia/las-comunas-de-la-rm-con-corte-de-luz-programado-para-este-lunes/,https://www.latercera.com/resizer/v2/Q6C5H6HYYZD6RHMZBTCY3EGYOE.jpg?auth=ef5a03043aad5a06f833ec590667254fc031db7961112629f1b7375e02198d44&height=630&width=1200&smart=true,"La compañía de electricidad Enel anunció una serie de cortes de luz programados para sectores acotados de la Región Metropolitana.
Según indicó la empresa en su sitio web, la interrupción del sumini… [+1628 chars]",2025-08-11T14:02:46,2025-07-27,2025-08-25
Banco de Occidente,Banco de Occidente,es,Enriquedans.com,Bienvenidos al nuevo salvaje Oeste: ahora los cowboys saben matemáticas,Enrique Dans,"En una escena que recuerda más a la fiebre del oro que a los fríos pasillos de Wall Street, los mejores cerebros del mundo cuantitativo están abandonando la vieja frontera financiera y corriendo hacia una nueva: la inteligencia artificial. Si antes ser fichad…",https://www.enriquedans.com/2025/08/bienvenidos-al-nuevo-salvaje-oeste-ahora-los-cowboys-saben-matematicas.html,https://www.enriquedans.com/wp-content/uploads/2025/08/Fight-for-quants-Dall·E.jpg,"En una escena que recuerda más a la fiebre del oro que a los fríos pasillos de Wall Street, los mejores cerebros del mundo cuantitativo están abandonando la vieja frontera financiera y corriendo haci… [+6828 chars]",2025-08-11T12:26:31,2025-07-27,2025-08-25
ISA,ISA,es,El Financiero,"Reciclaje, ecodiseño e impacto arancelario",De jefes .,"En México hay alrededor de 7 mil empresas de la industria plástica, la cual genera más de un millón de empleos.",https://www.elfinanciero.com.mx/opinion/de-jefes/2025/08/11/reciclaje-ecodiseno-e-impacto-arancelario/,https://www.elfinanciero.com.mx/resizer/v2/UXDL6ULG3NFVBHW5ISPQPOLOG4.jpg?smart=true&auth=b65e6031251756286b8e879bc7c3f1721338acc16533a9838cec04a75b57fd8f&width=1200&height=630,"Cancún, destino reconocido por sus playas de arena blanca y su mar en tonos turquesa, albergará la Convención anual de la Asociación Nacional de Industrias del Plástico (ANIPAC), presidida por Benjam… [+4313 chars]",2025-08-11T11:12:52,2025-07-27,2025-08-25
ISA,ISA,es,Trendencias.com,Esta es la casa de Alba Carrillo en un pueblo de Ávila: una villa rural llena de recuerdos con cocina moderna y una jirafa en la escalera,María Lancha,"Mientras que mucho famosos apuestan por los verano en la costa, las villas de lujo en ciudades americanas o el idílico verano ""Mamma Mía"" en la costa griega, Alba Carrillo siempre ha preferido un plan más rural. La colaboradora de televisión más polémica de l…",https://decoracion.trendencias.com/casas/esta-casa-alba-carrillo-pueblo-avila-villa-rural-llena-recuerdos-cocina-moderna-jirafa-escalera,https://i.blogs.es/95f73e/el-hacer-dano-a-un-animal-deberia-estar-penado-con-la-putrefaccion.-pegar-danar-matar-agredir-1-/840_560.jpeg,"Mientras que mucho famosos apuestan por los verano en la costa, las villas de lujo en ciudades americanas o el idílico verano ""Mamma Mía"" en la costa griega, Alba Carrillo siempre ha preferido un pla… [+4037 chars]",2025-08-11T10:00:38,2025-07-27,2025-08-25
ENEL,ENEL,es,Eleconomista.es,El gigante del viento danés se hunde: Orsted cede un 28% en la mayor caída en bolsa de su historia,Sergio Fernández,"Orsted se hunde un 28% este lunes en bolsa. La compañía enfocada en la instalación y explotación de molinos de viento para producir energía renovable acumula la mayo caída en bolsa de su historia hasta arrastrar a la acción a las 222 coronas danesas (29,9 eur…",https://www.eleconomista.es/mercados-cotizaciones/noticias/13500184/08/25/el-gigante-del-viento-danes-se-hunde-orsted-cede-un-28-en-la-mayor-caida-en-bolsa-de-su-historia.html,https://s03.s3c.es/imag/_v0/1899x1036/e/6/d/1200x655_Orsted_eolico_caida_bolsa.jpg,Orsted se hunde un 28% este lunes en bolsa. La compañía enfocada en la instalación y explotación de molinos de viento para producir energía renovable acumula la mayo caída en bolsa de su historia has… [+3568 chars],2025-08-11T09:09:30,2025-07-27,2025-08-25
Banco de Bogotá,Banco de Bogotá,es,El Financiero,Falta de estímulos e informalidad frenan la ruta de la vivienda verde,Fernando Navarrete,"En el país apenas 34 mil viviendas en México tienen certificado EDGE que avala sus ahorros en energía, agua y validan su sustentabilidad.",https://www.elfinanciero.com.mx/empresas-ESG/2025/08/11/falta-de-estimulos-e-informalidad-frenan-la-ruta-de-la-vivienda-verde/,https://www.elfinanciero.com.mx/resizer/v2/HJV5LKTSBREVBIDW7TJZ34ICV4.jpg?smart=true&auth=de0be5b1649064e47811d2192c3ddba8f523e58b05e960e416d28af90c5de8d3&width=1200&height=630,"En México existen alrededor de 35.3 millones de viviendas, de acuerdo con el Inegi, de las cuales alrededor de 8 millones se encuentran en rezago habitacional. Del total de viviendas del país, apenas… [+4207 chars]",2025-08-11T08:09:31,2025-07-27,2025-08-25
ISA,ISA,es,Www.df.cl,Industria de concesiones en alerta: competencia en licitaciones cae a menor nivel de los últimos 17 años,Laura Guzmán,"El número de ofertas en los procesos licitatorios del Ministerio de Obras Públicas bajó de un promedio de 4,6 entre 2008 y 2010 a solo dos en el último quinquenio.",https://www.df.cl/empresas/construccion/industria-de-concesiones-en-alerta-competencia-en-licitaciones-cae-a-menor,https://www.df.cl/noticias/site/artic/20250808/imag/foto_0000000420250808174845/Sector-Puente-Lo-Saldes-_ATON.jpg,"Sin embargo, el sector enfrenta un problema que genera cada vez más inquietud: la falta de competencia en los procesos de licitación. La disminución tanto en la cantidad de ofertas como en la diversi… [+4652 chars]",2025-08-11T08:00:00,2025-07-27,2025-08-25
ENEL,ENEL,es,Www.df.cl,Cambio en el área legal del grupo Cencosud: gerencia corporativa la asumió un exejecutivo de la eléctrica Enel,J. Troncoso Ostornol,El abogado Sebastián Rivera dejó la compañía controlada por la familia Paulmann; fue reemplazado por Nicolás Lustig.,https://www.df.cl/empresas/energia/cambio-en-el-area-legal-del-grupo-cencosud-gerencia-corporativa-la-asumio,https://www.df.cl/noticias/site/artic/20250808/imag/foto_0000000920250808163847/Nicolas-Lustig.jpg,"Un nuevo cambio se concretó en la plana ejecutiva de Cencosud, luego que el abogado Sebastián Rivera dejara la compañía controlada por la familia Paulmann. 
En agosto de 2020, había sido nombrado co… [+2526 chars]",2025-08-11T08:00:00,2025-07-27,2025-08-25
Banco de Occidente,Banco de Occidente,es,Elperiodico.com,"La UDEF acredita que un oligarca de la industria militar rusa ligado a Putin blanqueó 16 millones comprando una ""lujosa mansión"" en la Costa Brava","Tono Calleja Flórez, J. G. Albalat","La Unidad Central de Delincuencia Económica y Fiscal (UDEF) del Cuerpo Nacional de Policía (CNP) ha logrado acreditar que el director general adjunto primero de la corporación estatal rusa Rostec, Vladímir Artyakov, un oligarca ligado a Vladímir Putin, se val…",https://www.elperiodico.com/es/politica/20250811/rusia-oligarca-udef-blanqueo-cataluna-girona-costa-brava-industria-militar-120469002,https://estaticos-cdn.prensaiberica.es/clip/db957b80-3562-4af2-a684-04beb3c5900c_16-9-discover-aspect-ratio_default_0.jpg,"La Unidad Central de Delincuencia Económica y Fiscal (UDEF) del Cuerpo Nacional de Policía (CNP) ha logrado acreditar que el director general adjunto primero de la corporación estatal rusa Rostec, Vl… [+9362 chars]",2025-08-11T04:00:02,2025-07-27,2025-08-25
ISA,ISA,es,Lavozdegalicia.es,La 1 se llena de famosos del mundo del corazón en sus nuevos programas,J. Moreno,"Mar Flores y su hijo Carlo Costanzia, concursantes de «DecoMasters», se suman a Isa Pantoja y Asraf en el mismo espacio. Rosa Benito demostrará sus dotes culinarios en «MasterChef Celebrity»",https://www.lavozdegalicia.es/noticia/television/2025/08/11/1-llena-famosos-mundo-corazon-nuevos-programas/0003_202508G11P29991.htm,https://img.lavdg.com/sc/yLB7S5-AMBuQQQX3o-g1p2hMUEo=/1280x/2025/08/10/00121754833082094338143/Foto/GG11P29F1_15379.jpg,TVE confía su nueva temporada a los personajes famosos. La cadena pública prepara el desembarco de hasta cuatro concursos con la participación de celebridades para ocupar la franja del prime time de … [+4894 chars],2025-08-11T03:00:00,2025-07-27,2025-08-25
Grupo Energía de Bogotá,Grupo Energía de Bogotá,es,Elconfidencial.com,"Sonorama Ribera 2025: la explosión de Carolina Durante, la atracción magnética de Viva Suecia y la sorpresa de Alcalá Norte",Roberto Ruiz Anderson,"Artistas como Carolina Durante, Viva Suecia, Arde Bogotá, La Raíz, Franz Ferdinand o Supergrass han encabezado la 28ª edición de Sonorama Ribera, celebrada estos días en Aranda de Duero",https://www.elconfidencial.com/cultura/2025-08-10/sonorama-ribera-2025-cronica-carolina-durante-viva-suecia_4188994/,"https://images.ecestaticos.com/rLh9FvyiiXZ_46tBZ7_dJiSiNRw=/0x0:2272x1614/600x315/filters:fill(white):format(jpg):quality(99):watermark(f.elconfidencial.com/file/bae/eea/fde/baeeeafde1b3229287b0c008f7602058.png,0,275,1)/f.elconfidencial.com/original/5b5/1dc/73e/5b51dc73e697e8c14abae17f1e5e24ee.jpg","Aranda de Duero (Burgos) ha acogido un año más uno de los festivales más singulares de España, una experiencia cargada de emociones desde las calles y plazas de la villa hasta el recinto principal, d… [+23430 chars]",2025-08-10T21:24:00,2025-07-27,2025-08-25
DAVIVIENDA,DAVIVIENDA,es,Nacion.com,Retenes sorpresa para pillar a los que circulan sin permiso ni revisión vehicular,Redacción de La Nación,"Nuestros lectores comparten sus inquietudes sobre la inseguridad que ahoga a Costa Rica, el incumplimiento de condiciones por parte de un banco privado y quienes conducen vehículos carentes de los permisos reglamentarios",https://www.nacion.com/opinion/cartas/retenes-sorpresa-para-pillar-a-los-que-circulan/S4EACNQUAFEERJVU5JJE2R5GIM/story/,https://www.nacion.com/resizer/v2/AYVZ7FNNPRGJNLH72FV2JKDK6A.png?smart=true&auth=62763a1df66045c83ad1c6c95ea1320ab9ee75d6cb2f49986ccc73cc7f2c429a&width=1440,"¿Cómo puede ser que transiten buses, tráileres y camiones sin los permisos reglamentarios, luego de haber excedido su vida útil? Circulan sin revisión técnica y en mal estado, y ponen en riesgo a muc… [+4354 chars]",2025-08-10T15:00:00,2025-07-27,2025-08-25
Banco de Occidente,Banco de Occidente,es,Nacion.com,¿Cómo será el mundo en el año 2035?,Jaime Ordóñez,"Un mundo multipolar, con grandes desigualdades económicas y la espada de Damocles ambiental. Los BRICS desplazarán a Occidente y el dólar podría dejar de ser la moneda referencia. La tecnología y la IA –parte de nuestros problemas– podrían ser nuestra única t…",https://www.nacion.com/opinion/columnistas/como-sera-el-mundo-en-el-ano-2035/AAIBKIXWVZD4FNCBGFKD6BVQRQ/story/,https://www.nacion.com/resizer/v2/ZHF433365VALZJ2K2CG7UF6HLA.jpg?smart=true&auth=764f8c021713988e8b2a455c2124a8f98d9f1b2bae60f2365af1348397ae5116&width=1440,"En semanas pasadas, una red de centros de investigación del mundo nos pidió opinión a 30 personas de diversos continentes sobre cómo será el planeta dentro de 10 años. Aquí van mis predicciones.
El … [+7917 chars]",2025-08-10T14:15:00,2025-07-27,2025-08-25
ENEL,ENEL,es,Latercera.com,50 años con energías renovables: Metro es certificado de carboneutralidad y lanza bip! conmemorativa,María José Halabi,"Metro de Santiago venderá 20 mil tarjetas bip! que estarán disponible en las Líneas 1, 2,3,4 y 5 durante los próximos días.",https://www.latercera.com/nacional/noticia/50-anos-con-energias-renovables-metro-es-certificado-de-carboneutralidad-y-lanza-bip-conmemorativa/,https://www.latercera.com/resizer/v2/VRKWTASCPVEGPHXDVZEVORJJDU.jpeg?auth=a1f9d8ac4bb6ae2077cc359a39623aee8d9812aea38f525e89d9cdbec611c313&height=630&width=1200&smart=true,"El viernes 7 de agosto, Metro de Santiago recibió el Sello de Neutralización del Programa Huella Chile, que otorga el Ministerio de Medio Ambiente. Esto al mismo tiempo que cumple 50 años de electrom… [+2681 chars]",2025-08-10T13:37:44,2025-07-27,2025-08-25
Grupo Energía de Bogotá,Grupo Energía de Bogotá,es,Jenesaispop.com,"Arde Bogotá y Amaia, el ying y el yang de un emocionante final de Sonorama",Gabriel Carey,"La banda murciana da el mejor concierto de su carrera. 
La noticia Arde Bogotá y Amaia, el ying y el yang de un emocionante final de Sonorama es de jenesaispop.com.",https://jenesaispop.com/2025/08/10/505033/arde-bogota-amaia-sonorama/,https://jenesaispop.com/wp-content/uploads/2025/08/SR25_20250809_GLORIANM_DSC_4727-1.jpg,"No ha pasado nada y eso es lo que mejor que puede pasar, aseguró Javier Ajenjo, director del festival, durante la rueda de prensa de Carolina Durante el pasado viernes. Efectivamente, Sonorama Ribera… [+6844 chars]",2025-08-10T13:17:28,2025-07-27,2025-08-25
Banco de Bogotá,Banco de Bogotá,es,Perfil.com,La paradoja de la calidad en Latinoamérica,Fernando Arrieta,"Aunque la región cuenta con polos innovadores, la falta de disciplina en la gestión impide que ese potencial se traduzca en resultados sostenibles. Leer más",https://noticias.perfil.com/noticias/empresas/la-paradoja-de-la-calidad-en-latinoamerica.phtml,https://fotos.perfil.com/2024/03/11/trim/1280/720/ciberseguridad-1768386.jpg,"América Latina enfrenta una contradicción persistente: posee talento, creatividad y capacidad técnica en múltiples sectores, pero sigue atrapada en una cultura de improvisación que debilita su compet… [+4444 chars]",2025-08-10T11:32:00,2025-07-27,2025-08-25
ENEL,ENEL,es,Cnnchile.com,Enel pierde ante la justicia: Ordenan a empresa rebajar totalidad de monto facturado en exceso a clienta,CNN Chile,"La Corte de Santiago estimó que la empresa distribuidora tuvo un actuar ""actuar ilegal y arbitrario"" además de ""contumaz"" con las facturaciones a clienta afectada.",https://www.cnnchile.com/pais/enel-pierde-ante-la-justicia-ordenan-a-empresa-rebajar-totalidad-de-monto-facturado-en-exceso-a-clienta_20250810/,https://media.cnnchile.com/sites/2/2025/08/Enel-2.jpg,"La Corte de Santiago estimó que la empresa distribuidora tuvo un actuar ""actuar ilegal y arbitrario"" además de ""contumaz"" con las facturaciones a clienta afectada.La Corte de Apelaciones de Santiago … [+2479 chars]",2025-08-10T10:54:29,2025-07-27,2025-08-25
ENEL,ENEL,es,Excelsior.com.mx,Entre Lecumberri y las Islas Marías,liliana.moscoso,"ana laura jaso
En 2012, durante una cobertura periodística a las Islas Marías, Alberto Solís conoció a Jorge Hernández Castillo, el Wama (1941-2015), un hombre que fue condenado a 30 años de prisión por un crimen que siempre negó haber cometido.

El periodi…",https://www.excelsior.com.mx/expresiones/entre-lecumberri-y-las-islas-marias/1732090,https://www.excelsior.com.mx/media/pictures/2025/08/10/3357244.jpg,"En 2012, durante una cobertura periodística a las Islas Marías, Alberto Solís conoció a Jorge Hernández Castillo, el Wama (1941-2015), un hombre que fue condenado a 30 años de prisión por un crimen q… [+3123 chars]",2025-08-10T07:37:30,2025-07-27,2025-08-25
ISA,ISA,es,Milenio,No son hippies. Así se vive el surf profesional en Baja California Sur,"Yair Hernández,Ariel Ojeda","DOMINGA.- En Los Cerritos parece cosa fácil. La ola se acerca, estoy de espaldas pero la escucho. Me recuesto boca abajo en la tabla. No sé por qué pero siento confianza. Llega la cresta y de inmediato pongo en práctica los pasos que el entrenador sintetizó e…",https://www.milenio.com/deportes/pasion-respeto-ola-surf-baja-california-sur,https://cdn.milenio.com/uploads/media/2025/08/07/oaxaca-guerrero-colima-nayarit-baja.jpg,"DOMINGA.- En Los Cerritos parece cosa fácil. La ola se acerca, estoy de espaldas pero la escucho. Me recuesto boca abajo en la tabla. No sé por qué pero siento confianza. Llega la cresta y de inmedia… [+7345 chars]",2025-08-10T06:33:54,2025-07-27,2025-08-25
ENEL,ENEL,es,La Nacion,Del sueño a la pesadilla: los actores famosos que pasaron por traumáticas audiciones,Natalia Trzenko,"Más allá del éxito que hayan conseguido después, muchas estrellas afirman que las experiencias fallidas marcaron sus carreras",https://www.lanacion.com.ar/espectaculos/cine/del-sueno-a-la-pesadilla-los-actores-famosos-que-pasaron-por-traumaticas-audiciones-nid10082025/,https://resizer.glanacion.com/resizer/v2/bradley-cooper-meryl-streep-george-clooney-tres-FDDYRRSYDFDR7GSAFA4QKN3MLA.JPG?auth=ae51e494dac6a9ccc343684d3b3b067b09f13cc3c198a2ed1004000bec86a777&width=1200&quality=70&smart=false&height=800,"Por más éxitos de taquilla, premios Oscar y popularidad que hayan conseguido, muchos de los actores más famosos de Hollywood tienen una pesadilla en común. Hasta los intérpretes más talentosos tienen… [+9562 chars]",2025-08-10T03:01:00,2025-07-27,2025-08-25
ENEL,ENEL,es,La Nacion,Proyectaron un volumen exclusivo para sus hijos anticipando su mayor independencia y sumaron una casita de 18m2 como estudio,"Daniela Rossi, Natalia Pietracupa","En Zona Norte, visitamos una casa proyectada por dos arquitectos con volúmenes en L que miran a un roble centenario",https://www.lanacion.com.ar/revista-living/fuera-del-estandar-dos-arquitectos-proyectaron-una-casa-de-volumenes-superpuestos-y-desfasados-nid10082025/,https://resizer.glanacion.com/resizer/v2/CY4O5DKQI5FITIJYECXYFKVAM4.jpg?auth=d1ece7a57f1417b0cce0043f52f40f559b6f1575229ba7082840f6755df8f3be&width=1200&height=800&quality=70&smart=true,"Un roble de 120 anos en el medio del jardin se transformo en el punto de partida del proyecto. Para conservarlo y verlo desde todos los ambientes, los arquitectos Mariana Villanueva y Sebastian Cseh … [+2995 chars]",2025-08-10T03:00:00,2025-07-27,2025-08-25
ISA,ISA,es,Excelsior.com.mx,Vacaciones de ensueño en Europa terminaron en despido injustificado a su regreso,lizeth.hernández.melendez,"Lizeth Diana Hernández
Isa González compartió un mensaje desgarrador en TikTok al confesar entre lágrimas que fue despedida de su trabajo después de viajar a Europa con su pareja. La joven narró que, aunque viajó sin goce de sueldo y regresó a laborar por 15…",https://www.excelsior.com.mx/trending/vacaciones-de-ensueno-europa-terminaron-despido-injustificado-su-regreso/1732033,https://www.excelsior.com.mx/media/pictures/2025/08/09/3357082.jpg,"Isa González compartió un mensaje desgarrador en TikTok al confesar entre lágrimas que fue despedida de su trabajo después de viajar a Europa con su pareja. La joven narró que, aunque viajó sin goce … [+1301 chars]",2025-08-09T19:29:26,2025-07-27,2025-08-25
Banco de Occidente,Banco de Occidente,es,Eldiario.es,"Cinco rostros de mujer, cinco rostros de la inmigración en Andalucía: salir del abismo con un futuro por vivir",Montse Hernández,"Madjenin, Karmen, Umeyma, Luz y Brenda han sido participantes del programa de personas refugiadas de Cruz Roja. Son las historias de cinco mujeres, cinco personas con nombre e identidad única, con una vida que dejan atrás
El Observatorio de Desigualdad de An…",https://www.eldiario.es/andalucia/cinco-rostros-mujer-cinco-rostros-inmigracion-andalucia-salir-abismo-futuro-vivir_1_12498951.html,https://static.eldiario.es/clip/585f7513-9ded-4e58-847a-faa7f5bea392_facebook-watermarked-aspect-ratio_default_0.jpg,"Millones de personas en todo el mundo abandonan su país de origen cada año. Lo hacen huyendo de una pesadilla, en busca de un sueño, como reto personal o simplemente empujadas por la curiosidad o el … [+19780 chars]",2025-08-09T19:12:44,2025-07-27,2025-08-25
ECOPETROL,ECOPETROL,es,Elespectador.com,"Álvaro Uribe, entre luces y sombras (Segunda parte)",Hernando Llano Ángel,"La vida política de Álvaro Uribe está iluminada y ensombrecida por numerosas paradojas. El origen de las mismas se encuentra en su reducción de la política a un combate irreductible e interminable del bien contra el mal. De la virtud y el honor, que asume rep…",https://blogs.elespectador.com/actualidad/calicanto/alvaro-uribe-entre-luces-y-sombras-segunda-parte/,https://blogsnew.s3.amazonaws.com/wp-content/uploads/2025/07/29153555/BZTCXPRTOJL4BIJPIYBGEPBRGY.jpg,"(Artículo para “EL PAÍS, el periódico global, sección AMÉRICA-COLOMBIA”, edición del fin de semana).
La vida política de Álvaro Uribe está iluminada y ensombrecida por numerosas paradojas. El origen… [+12123 chars]",2025-08-09T19:07:07,2025-07-27,2025-08-25
Banco de Bogotá,Banco de Bogotá,es,Latercera.com,"Quien es Felipe Baraona, el brazo derecho de Gabriel Ruiz-Tagle que negoció la venta de Construmart",Fernando Vega,"En el mercado dicen que para saber en qué anda Gabriel Ruiz-Tagle hay que seguirle los pasos a Felipe Baroana Undurraga, el gerente general de Triple I, el family office del empresario y expresidente de Colo Colo. Considerado desde 2013 como su mano derecha, …",https://www.latercera.com/pulso/noticia/el-hombre-que-negocio-construmart/,https://www.latercera.com/resizer/v2/C6MJB3IO3RFLHKK6TTFBMW3B3E.JPG?auth=86df4468ee65702f21f5ad81ff65219f7c0f4bf40ffd20a25526f310dbf15273&height=630&width=1200&smart=true,"Hasta 2013, muy pocos ejecutivos en la Bolsa habían oído hablar de Felipe Baraona Undurraga. Ahora, el nombre del gerente general de Triple I, el family office del empresario y exministro del Deporte… [+6953 chars]",2025-08-09T11:00:00,2025-07-27,2025-08-25
ENEL,ENEL,es,Www.df.cl,Las claves de los primeros resultados de empresas que marcan la mitad del año,Jorge Isla / Francisco Noguera,,https://www.df.cl/senal-df/el-deal/las-claves-de-los-primeros-resultados-de-empresas-que-marcan-la-mitad-del,https://www.df.cl/noticias/site/artic/20250808/imag/foto_0000000120250808192127/foto_0000000220220126124350.jpg,"Un balance mixto arrojan los primeros resultados de empresas al primer semestre de este año. En ese escenario, se combinan tendencias positivas en compañías que recientemente enfrentaban escenarios d… [+20835 chars]",2025-08-09T08:00:00,2025-07-27,2025-08-25
ISA,ISA,es,Lavozdegalicia.es,Un sinfín de planes para este 9 de agosto en la Costa da Morte,P. Blanco,¿Es sábado y no sabes a dónde ir? Ponle remedio echándole un ojo a esta completa agenda,https://www.lavozdegalicia.es/noticia/carballo/2025/08/09/sinfin-planes-9-agosto-costa-da-morte/00031754694366066694238.htm,https://img.lavdg.com/sc/gjy1nwAXGXfSZ5xqfosSjzbKx-8=/1280x/2025/08/09/00121754694781455763433/Foto/c_20250706_155652006.jpg,"Para empezar, cuatro recomendaciones. La Festa da Carballeira de Zas, las Rutas do Mar de Muxía, la Tarde-Noite no Medievo de Riobó y las carrilanchas de Caión. De cada una tiene información a un gol… [+3650 chars]",2025-08-09T03:00:00,2025-07-27,2025-08-25
ENEL,ENEL,es,Www.df.cl,Las cinco acciones del IPSA con mejores dividendos reportados,Francisco Noguera,"En un escenario de menores tasas y retroceso de la inflación, Inversiones Aguas Metropolitana, Enel Américas, Vapores, Entel y Banco de Chile lideran el ranking de rentabilidad por dividendo, con retornos que superan el 7% anual.",https://www.df.cl/senal-df/el-deal/las-cinco-acciones-del-ipsa-con-mejores-dividendos-reportados,https://www.df.cl/noticias/site/artic/20250808/imag/foto_0000000620250808182050/BOLSA-DE-COMERCIO-GENERICAS_RJ-1212054.jpg,"Tanto en mercados desarrollados como emergentes, los retornos por dividendo se posicionan como una alternativa atractiva, en un contexto en que la tasa del Tesoro estadounidense a 10 años rinde un 4,… [+5713 chars]",2025-08-09T00:30:00,2025-07-27,2025-08-25
ENEL,ENEL,es,Expansion.com,Doce valores con dividendo gancho y un buen potencial en Bolsa,Susana Pérez,"Banco Sabadell, Iberdrola, Merlin, Repsol y Santander son las apuestas españolas. Allianz, BNP Paribas, E.ON, Enel, Intesa, Stellantis y UniCredit completan un selecto grupo de valores europeos para ganar. Leer",https://www.expansion.com/mercados/2025/08/09/68965092e5fdeab01d8b458f.html,https://phantom-expansion.uecdn.es/8f6498905a54602336be01d8bafb4df4/f/webp/assets/multimedia/imagenes/2025/08/08/17546813431205.jpg,"Banco Sabadell, Iberdrola, Merlin, Repsol y Santander son las apuestas españolas. Allianz, BNP Paribas, E.ON, Enel, Intesa, Stellantis y UniCredit completan un selecto grupo de valores europeos para … [+13456 chars]",2025-08-08T22:02:05,2025-07-27,2025-08-25
ENEL,ENEL,es,La Nacion,El Gobierno puso fecha para la concesión de las represas hidroeléctricas en Neuquén y Río Negro,LA NACION,El Ejecutivo prolongó hasta el 31 de diciembre las actuales concesiones en manos de privados; en menos de cuatro meses podría lanzar una licitación para vender parte de sus activos y dar una concesión,https://www.lanacion.com.ar/economia/el-gobierno-puso-fecha-para-la-concesion-de-las-represas-hidroelectricas-en-neuquen-y-rio-negro-nid08082025/,https://resizer.glanacion.com/resizer/v2/la-central-hidroelectrica-alicura-de-aes-en-rio-UEV2O2L3L5D6XHSFCYJ3JK3U44.JPG?auth=d73eb6ef60b27f3463b43c13ae32c8cf67ac076b82b613cfe2ac70f0623fd0bd&width=1200&quality=70&smart=false&height=800,"El Gobierno confirmó que lanzará un concurso público nacional e internacional para la venta de acciones de las unidades de negocio de cada uno de los complejos hidroeléctricos en Neuquén y Río Negro,… [+3009 chars]",2025-08-08T20:30:39,2025-07-27,2025-08-25
ISA,ISA,es,Milenio,Joven se va de vacaciones y al regresar la corren de su trabajo por culpa de un error de su jefa; caso viral | VIDEO,Adriana Paez,"Una joven se viralizó en redes sociales luego de que dio a conocer, llorando, que en su trabajo la despidieron después de que se fue de vacaciones a Europa con su novio.De acuerdo con la joven, en Recursos Humanos le dijeron que su jefa no había entregado su …",https://www.milenio.com/virales/joven-se-va-de-vacaciones-y-la-despiden-su-jefa-no-lo-informo-a-rh,https://cdn.milenio.com/uploads/media/2025/08/08/joven-se-va-de-vacaciones.jpg,"Una joven se viralizó en redes sociales luego de que dio a conocer, llorando, que en su trabajo la despidieron después de que se fue de vacaciones a Europa con su novio.
De acuerdo con la joven, en … [+3072 chars]",2025-08-08T19:55:00,2025-07-27,2025-08-25
ENEL,ENEL,es,Culturaocio.com,The Batman 2 rescatará 30 años después un personaje de DC olvidado en el cine,,"La secuela de The Batman comenzará su filmación la próxima primavera, con vistas a estrenarse el 1 de octubre de 2027. Las últimas informaciones relacionadas apuntan a que un olvidado e histórico miembro de la batfamilia, durante más de 30 años, estará de vue…",https://www.culturaocio.com/cine/noticia-the-batman-rescatara-30-anos-despues-personaje-dc-olvidado-cine-20250808175447.html,https://img.europapress.es/fotoweb/fotonoticia_20250808175447_1200.jpg,"MADRID, 8 Ago. (CulturaOcio) - 
   La secuela de The Batman comenzará su filmación la próxima primavera, con vistas a estrenarse el 1 de octubre de 2027. Las últimas informaciones relacionadas apunt… [+2438 chars]",2025-08-08T15:54:47,2025-07-27,2025-08-25
ENEL,ENEL,es,Andro4all.com,Estas 5 series originales de Movistar Plus+ son ideales para ver de maratón este fin de semana,David Freire,"La gran mayoría de las plataformas de streaming cuentan con contenidos propios, pero, sin lugar a dudas, la más prolífica de ellas es Movistar Plus+, ya que el servicio de la operadora españoal cuenta con un amplio catálogo de series originales hechas en Espa…",https://andro4all.com/series/estas-5-series-originales-de-movistar-plus-son-ideales-para-ver-de-maraton-este-fin-de-semana,https://andro4all.com/hero/2025/08/los-sin-nombre-recopilatorio-portada.jpg?width=1200,"'Los sin nombre' es una de las series exclusivas de Movistar Plus+ que deberías ver este verano
La gran mayoría de las plataformas de streaming cuentan con contenidos propios, pero, sin lugar a duda… [+6651 chars]",2025-08-08T14:01:25,2025-07-27,2025-08-25
ECOPETROL,ECOPETROL,es,Www.abc.es,El régimen cubano acumula 18.000 millones de dólares con el país en la miseria,(abc),"Cuba atraviesa una de las peores crisis humanitarias de su historia, con falta de productos básicos, cortes de electricidad de hasta 26 horas o más, inflación récord y una pobreza extrema que obliga miles de personas a buscar comida en la basura. Mientras el …",https://www.abc.es/internacional/regimen-cubano-acumula-18000-millones-dolares-pais-20250807173714-nt.html,https://s2.abcstatics.com/abc/www/multimedia/internacional/2025/08/07/castro-U87120555036YRX-1024x512@diario_abc.jpg,"Cuba atraviesa una de las peores crisis humanitarias de su historia, con falta de productos básicos, cortes de electricidad de hasta 26 horas o más, inflación récord y una pobreza extrema que obliga … [+4645 chars]",2025-08-08T02:15:48,2025-07-27,2025-08-25
ENEL,ENEL,es,La Nacion,Adiós a una histórica tienda en California: el icónico local departamental que se despide para siempre el 26 de agosto,LA NACION,"Nordstrom cerrará para siempre su histórica sucursal en Santa Monica Place el 26 de agosto de 2025 tras 15 años de operación. Fundada en 1901, la icónica marca de moda toma esta decisión en medio de cambios estratégicos y desafíos en el centro comercial, enfo…",https://www.lanacion.com.ar/estados-unidos/california/adios-a-una-historica-tienda-en-california-el-iconico-local-departamental-que-se-despide-para-nid07082025/,https://resizer.glanacion.com/resizer/v2/nordstrom-rack-ofrece-todo-tipo-de-productos-para-H4NFEEPKBZC4HA2KN4XRKBWEZQ.jpg?auth=4ed60d8564dd751ca55b7b1799298d259423ea1cef320dd7aa9dc7931474ef30&width=1200&quality=70&smart=false&height=800,"El local Nordstrom ubicado en el centro comercial Santa Mónica Place, en California, cerrará sus puertas de forma definitiva el próximo 26 de agosto, tras 15 años de operación. La cadena de tiendas d… [+3283 chars]",2025-08-08T00:25:07,2025-07-27,2025-08-25
Grupo SURA,Grupo SURA,es,Latercera.com,Socovesa compra participación de fondo de Sura y reactiva proyecto inmobiliario Madagascar,Patricia San Juan,De este modo Socovesa Desarrollos Comerciales ha pasado a ser titular del 97% de las acciones de la sociedad Madagascar SpA y la filial Inmobiliaria Arcilla Roja ha pasado a ser titular de cuentas por cobrar a la referida sociedad.,https://www.latercera.com/pulso/noticia/socovesa-compra-participacion-en-proyecto-inmobiliario-madagascar-a-fondo-de-inversion-de-sura/,https://www.latercera.com/resizer/v2/5N6RZVKGT5ASNK3XGJUO3G3IVY.jpg?auth=de031b4b237838b06d1e2097d3decfcfac6cbf2f892fde111349a1db3f8c50ee&height=630&width=1200&smart=true,"El grupo inmobiliario Socovesa informó que aumentó su participación en la propiedad del proyecto Madagascar.
Mediante un hecho esencial enviado a la Comisión Para el Mercado Financiero (CMF) la comp… [+1734 chars]",2025-08-07T22:32:08,2025-07-27,2025-08-25
ENEL,ENEL,es,Forbes.com.mx,Renovables para un futuro resiliente,Forbes Content,"Forbes México.
 Renovables para un futuro resiliente

El crecimiento de las fuentes limpias en el mundo es una señal clara del rumbo que debemos seguir. En México, Enel Green Power lidera este camino con una visión de sostenibilidad, valor compartido e innova…",https://forbes.com.mx/ad-renovables-para-un-futuro-resiliente/,https://cdn.forbes.com.mx/2025/08/Portada-1-49-1.jpg,"De acuerdo al informe Global Electricity Review 2025 de EMBER, la generación solar mundial creció un 29% en 2024, la tasa más alta en seis años. Este fenómeno global refleja un cambio estructural irr… [+2391 chars]",2025-08-07T22:25:37,2025-07-27,2025-08-25
ENEL,ENEL,es,Latercera.com,Las 10 comunas de la RM con corte de luz programado para este viernes,Sandar Estrella Oporto,"Revisa a continuación el detalle con los sectores afectados y horarios de la interrupción del servicio, requerida para la realización de trabajos.",https://www.latercera.com/servicios/noticia/las-10-comunas-de-la-rm-con-corte-de-luz-programado-para-este-viernes/,https://www.latercera.com/resizer/v2/Q6C5H6HYYZD6RHMZBTCY3EGYOE.jpg?auth=ef5a03043aad5a06f833ec590667254fc031db7961112629f1b7375e02198d44&height=630&width=1200&smart=true,"La compañía de electricidad Enel anunció una serie de cortes de luz programados para sectores acotados de la Región Metropolitana.
Según indicó la empresa en su sitio web, la interrupción del sumini… [+1709 chars]",2025-08-07T21:58:33,2025-07-27,2025-08-25
ENEL,ENEL,es,Elperiodico.com,Endesa y Naturgy cerrarán sus centrales a las puertas de Barcelona: cinco claves de un cambio histórico,Jordi Ribalaygue,"No es inminente, pero las últimas fábricas de la luz de Sant Adrià de Besòs cerrarán en menos de 25 años y pondrán fin a más de un siglo de producción eléctrica en el entorno de Barcelona, con la salvedad de la central térmica existente en el puerto. Endesa h…",https://www.elperiodico.com/es/barcelona/20250807/endesa-naturgy-centrales-cierre-sant-adria-besos-barcelona-120438953,https://estaticos-cdn.prensaiberica.es/clip/7d690535-18cb-465a-9e0f-3f50b8ee381b_16-9-discover-aspect-ratio_default_0.jpg,"No es inminente, pero las últimas fábricas de la luz de Sant Adrià de Besòs cerrarán en menos de 25 años y pondrán fin a más de un siglo de producción eléctrica en el entorno de Barcelona, con la sal… [+7667 chars]",2025-08-07T17:54:52,2025-07-27,2025-08-25
Banco de Occidente,Banco de Occidente,es,DW (English),¿Qué pasaría si India y China dejaran de comprar petróleo ruso?,Nik Martin,Donald Trump endurece sanciones que financian la maquinaria bélica rusa. El impacto en el comercio petrolero podría sacudir los mercados globales y afectar a economías clave como China e India. India y China reaccionan con determinación ante las amenazas del …,https://www.dw.com/es/qu%C3%A9-pasar%C3%ADa-si-india-y-china-dejaran-de-comprar-petr%C3%B3leo-ruso/a-73562181,https://static.dw.com/image/73550599_6.jpg,"India y China reaccionan con determinación ante las amenazas del presidente de Estados Unidos, Donald Trump, sobre imponer lo que llama sanciones secundarias por hacer negocios con países sancionados… [+8058 chars]",2025-08-07T15:54:00,2025-07-27,2025-08-25
Banco de Occidente,Banco de Occidente,es,El Financiero,"Altagracia Gómez, la joven empresaria que asesora a Sheinbaum",Maya Averbuch,Altagracia Gómez Sierra emergió como figura clave entre el gobierno de Claudia Sheinbaum y el sector privado. Así se volvió la socia estratégica del momento.,https://www.elfinanciero.com.mx/bloomberg-businessweek/2025/08/07/altagracia-la-socia-estrategica-del-nuevo-poder-economico/,https://www.elfinanciero.com.mx/resizer/v2/2RZFY44ST5ELLPQMBX3LDDUXPM.png?smart=true&auth=db9cd29ac9a7e569b2843f06ad903ee540390ef720f2f0fc309593ee78a2d69a&width=1200&height=630,"Días después de ganar las elecciones presidenciales en México, Claudia Sheinbaum trató de tranquilizar a los operadores que estaban deshaciéndose de sus pesos. Los inversionistas temían lo que su par… [+15678 chars]",2025-08-07T10:50:38,2025-07-27,2025-08-25
Banco de Bogotá,Banco de Bogotá,es,BeInCrypto,"Ethereum lidera la actividad blockchain en América Latina, según informe",Luis Blanco,"Ethereum lidera el uso de blockchain en América Latina con un 75% de participación, impulsado por stablecoins, confianza institucional y una comunidad activa. Polygon y Base le siguen, destacando por su adopción empresarial y su conexión con Coinbase.
El post…",https://es.beincrypto.com/crecimiento-blockchain-ethereum-latinoamerica-informe/,https://es.beincrypto.com/wp-content/uploads/2025/07/image-217-1.png.webp,"Un reciente informe de Sherlock Communications ha revelado que el uso de Ethereum en América Latina ha experimentado un crecimiento notable entre junio de 2024 y junio de 2025. El estudio, que combin… [+6335 chars]",2025-08-06T22:04:00,2025-07-27,2025-08-25
ENEL,ENEL,es,Latercera.com,10 comunas de la RM con corte de luz programado para este jueves,Sandar Estrella Oporto,"Revisa a continuación el detalle con los sectores afectados y horarios de la interrupción del servicio, requerida para la realización de trabajos.",https://www.latercera.com/servicios/noticia/10-comunas-de-la-rm-con-corte-de-luz-programado-para-este-jueves/,https://www.latercera.com/resizer/v2/BCKRJAK55FDD7DJDBQYLS5ECMI.jpg?auth=d6d8dd77dd8b336f11a8826de0a732f5fbb4404708f5b20744a83871ef1efda9&height=630&width=1200&smart=true,"La compañía de electricidad Enel anunció una serie de cortes de luz programados para sectores acotados de la Región Metropolitana.
Según indicó la empresa en su sitio web, la interrupción del sumini… [+1864 chars]",2025-08-06T21:33:01,2025-07-27,2025-08-25
Grupo SURA,Grupo SURA,es,La Nacion,Quién es el nuevo CEO de Banco Galicia,LA NACION,"Diego Rivas asume como CEO de Banco Galicia tras la fusión con HSBC. Conoce su trayectoria, rol en la adquisición y los desafíos que enfrenta en esta nueva etapa.",https://www.lanacion.com.ar/economia/quien-es-el-nuevo-ceo-de-banco-galicia-nid06082025/,https://resizer.glanacion.com/resizer/v2/el-nuevo-ceo-de-galicia-asumira-el-primero-de-ATBZTM3KAVAUDMU4Y2EATXTNTI.jpg?auth=999313f4ad5610d651ddf0343838ea35ca5da0e603db9bde33f50fb0ceb6c203&width=1200&quality=70&smart=false&height=675,"El Banco Galicia designó a Diego Rivas como su nuevo CEO. El nombramiento, efectivo desde el 1º de septiembre marca una nueva etapa para la entidad financiera. Rivas, un ejecutivo con extensa trayect… [+2808 chars]",2025-08-06T20:56:57,2025-07-27,2025-08-25
Grupo SURA,Grupo SURA,es,La Nacion,Banco Galicia cambia de CEO tras la fusión con HSBC,Laura Ponasso,"Diego Rivas asumirá la posición el 1° de septiembre; reemplazará a Fabián Kon, quien permanecerá como CEO del grupo",https://www.lanacion.com.ar/economia/negocios/banco-galicia-cambia-de-ceo-tras-la-fusion-con-hsbc-nid06082025/,https://resizer.glanacion.com/resizer/v2/diego-rivas-asumira-como-ceo-de-banco-galicia-el-L7XVFBTS5FACXPELUATIJNKRCA.jpeg?auth=1555e083d65bd1943d63aaa1597cd3131ae9a6221640b26dc241da2d4c464d1d&width=1200&height=800&quality=70&smart=false&focal=1020%2C392,"Un mes después de concluida la fusión con HSBC, Banco Galicia definió nuevo CEO. Se trata de Diego Rivas, un hombre que hizo escuela en la entidad y que participó desde el día uno en el proceso de ne… [+2794 chars]",2025-08-06T16:04:23,2025-07-27,2025-08-25
ENEL,ENEL,es,Latercera.com,Las 14 comunas de la RM con corte de luz programado para este miércoles,Sandar Estrella Oporto,"Revisa a continuación el detalle con los sectores afectados y horarios de la interrupción del servicio, requerida para la realización de trabajos.",https://www.latercera.com/servicios/noticia/las-14-comunas-de-la-rm-con-corte-de-luz-programado-para-este-miercoles/,https://www.latercera.com/resizer/v2/YR3RBXGE5JDUNDEUPJLT4C3BW4.jpg?auth=99da77fe9049ed19eacab019bb64d3e2214257141a1a31bc4d51de4a885569e6&height=630&width=1200&smart=true,"La compañía de electricidad Enel anunció una serie de cortes de luz programados para sectores acotados de la Región Metropolitana.
Según indicó la empresa en su sitio web, la interrupción del sumini… [+1909 chars]",2025-08-06T14:17:52,2025-07-27,2025-08-25
Banco de Occidente,Banco de Occidente,es,RT,¿Por qué los aranceles de Trump podrían hundir a este país en la absoluta pobreza?,"RT en Español
 , RT en Español",Nadie había escuchado hablar de este pequeño país africano hasta que recibió una de las tarifas más elevadas por parte de la Administración estadounidense.,https://actualidad.rt.com/actualidad/560059-trump-hacer-desaparecer-pais-africano,https://mf.b37mrtl.ru/actualidad/public_images/2025.08/article/6890a99ae9ff71297b0aa286.jpg,"El presidente de Estados Unidos, Donald Trump, anunció a principios de abril la implementación de las llamadas ""tarifas recíprocas"" globales para casi todos los socios comerciales de su país. Lo más … [+5635 chars]",2025-08-06T09:11:15,2025-07-27,2025-08-25
Banco de Occidente,Banco de Occidente,es,La Nacion,El interés nacional en las relaciones con EE.UU. y China,José Néstor Ureta,El interés nacional en las relaciones con EE.UU. y China,https://www.lanacion.com.ar/opinion/el-interes-nacional-en-las-relaciones-con-eeuu-y-china-nid06082025/,https://arc-static.glanacion.com/pf/resources/images/placeholderLN-1200x630.png?d=1861,Las desafortunadas e impropias declaraciones del embajador designado por el presidente Trump en la Argentina Peter Lamelas en el hearing de aprobación de su nombramiento por parte del Senado de EE.UU… [+4059 chars],2025-08-06T03:00:00,2025-07-27,2025-08-25
ENEL,ENEL,es,Forbes.com.mx,Soluciones a la medida: el papel de Enel en la optimización energética y la sostenibilidad,Forbes Content,"Forbes México.
 Soluciones a la medida: el papel de Enel en la optimización energética y la sostenibilidad

Ante el actual escenario global, las empresas tienen acceso a soluciones para reducir costos y consumir energía de forma inteligente.
Soluciones a la m…",https://forbes.com.mx/ad-soluciones-a-la-medida-el-papel-de-enel-en-la-optimizacion-energetica-y-sostenibilidad/,https://cdn.forbes.com.mx/2025/08/Portada-1-49.jpg,"La eficiencia energética y la sostenibilidad son cada vez más relevantes para enfrentar los desafíos del cambio climático y la escasez de recursos, lo que las convierte en pieza clave para lograr la … [+3006 chars]",2025-08-05T16:40:40,2025-07-27,2025-08-25
Banco de Bogotá,Banco de Bogotá,es,Elespectador.com,¿Y por qué no aprovechar mejor el Puerto de Buenaventura?,Invest Pacific,"Además de ser un jugador clave en el comercio exterior de Colombia, el Puerto de Buenaventura, la ciudad y su gente tienen un inmenso potencial para el desarrollo social y el crecimiento económico del país.",https://blogs.elespectador.com/actualidad/tendencias-y-oportunidades/y-por-que-no-aprovechar-mejor-el-puerto-de-buenaventura/,https://blogsnew.s3.amazonaws.com/wp-content/uploads/2025/08/05100823/Sociedad-Portuaria-de-Buenaventura.jpg,"Buenaventura le ofrece a Colombia una gran oportunidad para potenciar su comercio exterior: su puerto está conectado con más de 50 terminales marítimas en el mundo, es el quinto puerto de contenedore… [+3960 chars]",2025-08-05T15:11:59,2025-07-27,2025-08-25
ENEL,ENEL,es,Gizmodo.com,"Donde hubo humo, habrá datos: las tecnológicas resucitan las viejas centrales eléctricas de Europa",Thomas Handley,"Las antiguas centrales de carbón y gas que Europa había sentenciado al olvido tienen ahora una segunda oportunidad inesperada. Empresas como Microsoft y Amazon quieren convertirlas en centros de datos de última generación, aprovechando su infraestructura ya i…",https://es.gizmodo.com/donde-hubo-humo-habra-datos-las-tecnologicas-resucitan-las-viejas-centrales-electricas-de-europa-2000183888,https://es.gizmodo.com/app/uploads/2025/08/Gizmodo-21-1-1200x675.jpg,Las ruinas industriales del pasado reciente europeo podrían tener un futuro brillante gracias a un invitado inesperado: la inteligencia artificial. El cierre masivo de centrales de carbón y gas dejó … [+2277 chars],2025-08-05T14:49:25,2025-07-27,2025-08-25
Grupo Energía de Bogotá,Grupo Energía de Bogotá,es,Hola,Almudena Ariza habla como nunca: de su faceta como madre a su estrecha amistad con la reina Letizia,M. Añover,"La periodista, que comienza una nueva etapa en América del Sur, es madre de dos hijos, Adrián y Paula, y ha contado por primera vez cómo ha gestionado la maternidad con su trabajo: ""Me angustiaba pensar que mi ausencia pudiera haber dejado una herida en ellos""",https://www.hola.com/actualidad/20250805840779/almudena-ariza-habla-como-nunca-de-su-faceta-como-madre-a-su-estrecha-amistad-con-la-reina-letizia/,https://www.hola.com/horizon/landscape/0b3f33431417-foto-almu-cobertura-1.jpg?im=Resize=(1200),"Almudena Ariza es una de las periodistas más reconocidas, y queridas de nuestro país. Desde hace 30 años es una de los grandes referentes de la televisión pública, ha sido corresponsal en destinos cl… [+14215 chars]",2025-08-05T14:35:39,2025-07-27,2025-08-25
Bancolombia,Bancolombia,es,Cointelegraph,Una nueva edición de MERGE Madrid se prepara para impulsar la cultura web3 entre España y Latinoamérica,Cointelegraph en Español,"Madrid se convertirá en el punto de encuentro de la industria cripto desde Bancos y Fintech a startups, pasando por protocolos y grandes corporaciones que están abrazando WEB3.
 MERGE Madrid 2025 tendrá lugar en octubre en el Palacio de Cibeles. Así lo inform…",https://es.cointelegraph.com/news/una-nueva-edicion-de-merge-madrid-se-prepara-para-impulsar-la-cultura-web3-entre-espana-y-latinoamerica,"https://images.cointelegraph.com/cdn-cgi/image/format=auto,onerror=redirect,quality=90,width=1200/https://s3.cointelegraph.com/uploads/2025-08/01987a71-a22e-7751-a66f-19010f159001","MERGE Madrid 2025 tendrá lugar en octubre en el Palacio de Cibeles. Así lo informaron los organizadores a Cointelegraph en Español, desde España. El evento se posiciona como un punto de encuentro par… [+4681 chars]",2025-08-05T13:39:12,2025-07-27,2025-08-25
Banco de Bogotá,Banco de Bogotá,es,Nacion.com,FMI advierte a Colombia sobre el freno de la inversión debido a la incertidumbre sobre nuevas políticas,Europa Press,"Déficit fiscal de Colombia mantiene crecimiento, el FMI lo ubica a 7,1% del PIB al cierre de 2025.",https://www.nacion.com/economia/fmi-advierte-a-colombia-sobre-el-freno-de-la/IH44GFWPCFFPHEGGJWQLRGZFXU/story/,https://www.nacion.com/resizer/v2/CDLFMSR3NJAPBOWSIXGUH7YEJY.jpg?smart=true&auth=6845587cf135f3173c8a739fb01e847278ee81239300db4a9742b678c1626bf9&width=1440,Madrid. El Fondo Monetario Internacional (FMI) avisó a Colombia sobre la implicación de la incertidumbre en el crecimiento económico del país y sobre el posible freno de la inversión como consecuenci… [+2957 chars],2025-08-04T15:59:16,2025-07-27,2025-08-25
DAVIVIENDA,DAVIVIENDA,es,Enter.co,¿Mandó plata al número que no era en Nequi o Daviplata? Esto es lo que realmente puede hacer (y lo que no),Digna Irene Urrea,"¿Hay manera de recuperar esa plata en Nequi o Daviplata? La respuesta corta es sí, pero no hay garantías...",https://www.enter.co/colombia/mando-plata-al-numero-que-no-era-en-nequi-o-daviplata-esto-es-lo-que-realmente-puede-hacer-y-lo-que-no/,https://www.enter.co/wp-content/uploads/2025/01/Diseno-sin-titulo-45.png,"Un número mal escrito. Un clic por impulso. Un giro que se va a otra cuenta. A cualquiera le puede pasar. Pero cuando ocurre, el golpe es seco: ¿hay manera de recuperar esa plata en Nequi o Daviplata… [+2875 chars]",2025-08-04T12:00:15,2025-07-27,2025-08-25
DAVIVIENDA,DAVIVIENDA,es,Nacion.com,"Ranquin bancario: así le fue a su banco en utilidades, cartera de crédito y activos en el primer semestre",Luis Enrique Brenes,"Descubra cómo se comportaron las utilidades, activos y cartera de crédito de los 14 bancos de Costa Rica durante el primer semestre de 2025. Vea cómo le fue a su banco.",https://www.nacion.com/economia/ranquin-bancario-asi-le-fue-a-su-banco-en/ZXGO66OZOJHWDK2LSIG5JMJKTA/story/,https://www.nacion.com/resizer/v2/7VGDIIZOYFF2XNV3JKSI5FPAZM.jpg?smart=true&auth=45574c38f2f8b57805db906ad95fffde6b1c3495ff5e4cdfaa35ab17afbdc1ee&width=1440,El sector bancario costarricenseregistró una disminución en sus ganancias durante el primer semestre de 2025 en comparación con el mismo periodo del año pasado. De los 14 bancos supervisados en Costa… [+8766 chars],2025-08-04T11:00:00,2025-07-27,2025-08-25
FDN,FDN,es,Jornada.com.mx,Jaime Ortega*: Estrategia y lo nacional popular,Jaime Ortega*,En 1975 –cinco décadas atrás– apareció el primer número de la revista Estrategia. Aquella fue la expresión de un grupo variopinto conducido por el economista Alonso Aguilar Monteverde y cuyos colaboradores más cercanos eran Fernando Carmona y Jorge Carrión. A…,https://www.jornada.com.mx/2025/08/04/opinion/015a2pol,https://www.jornada.com.mx/imagemeta/1200x630BN.jpg,n 1975 cinco décadas atrás apareció el primer número de la revista Estrategia. Aquella fue la expresión de un grupo variopinto conducido por el economista Alonso Aguilar Monteverde y cuyos colaborado… [+4829 chars],2025-08-04T08:34:49,2025-07-27,2025-08-25
FDN,FDN,es,Jornada.com.mx,Jaime Ortega*: Estrategia y lo nacional popular,Jaime Ortega*,En 1975 –cinco décadas atrás– apareció el primer número de la revista Estrategia. Aquella fue la expresión de un grupo variopinto conducido por el economista Alonso Aguilar Monteverde y cuyos colaboradores más cercanos eran Fernando Carmona y Jorge Carrión. A…,https://www.jornada.com.mx/2025/08/04/politica/015a2pol,https://www.jornada.com.mx/imagemeta/1200x630BN.jpg,n 1975 cinco décadas atrás apareció el primer número de la revista Estrategia. Aquella fue la expresión de un grupo variopinto conducido por el economista Alonso Aguilar Monteverde y cuyos colaborado… [+4829 chars],2025-08-04T08:34:49,2025-07-27,2025-08-25
Banco de Bogotá,Banco de Bogotá,es,La Nacion,Casi lo tiran por la borda. Vino de polizón y llegó a manejar los años de oro de dos legendarios restaurantes porteños,Sebastián A. Ríos,Joaquín Barreiro González escapó de la Guerra Civil española y en Buenos Aires estuvo al frente de El Globo y El Imparcial,https://www.lanacion.com.ar/sabado/casi-lo-tiran-por-la-borda-vino-de-polizon-y-llego-a-manejar-los-anos-de-oro-de-dos-legendarios-nid04082025/,https://resizer.glanacion.com/resizer/v2/salon-del-restaurante-el-imparcial-que-barreiro-NBFXD4KK6VAGFDU3NRLTS4LNWQ.jpg?auth=4ca613bd87c08c662c08823bf9cc144fea9c22ddddf4676a9377bb60b3ba51e8&width=1200&quality=70&smart=false&height=800,"De polizón en un barco de bandera alemana, pero compartiendo mesa con el capitán del barco, Joaquín Barreiro González cruzó el Atlántico de Vigo a Buenos Aires con solo 19 años de edad. Escapaba de l… [+8144 chars]",2025-08-04T03:01:00,2025-07-27,2025-08-25
Banco de Occidente,Banco de Occidente,es,Libertaddigital.com,El espanto como costumbre,Pedro de Tena,"Vivir sin miedo, esto es, con libertad, aunque limitada por el bien común, era y es el objetivo de las democracias.",https://www.libertaddigital.com/opinion/2025-08-03/pedro-de-tena-el-espanto-como-costumbre-7282904/,https://s.libertaddigital.com/2025/08/03/1200/627/ld/tropas-israel-gaza030825.jpg,Qué lejos nos queda aquello de la democracia como una forma de gobierno y convivencia tales que si alguien llama a nuestra puerta a las seis de la mañana sólo puede ser el lechero. Deduciendo de mane… [+4860 chars],2025-08-03T19:34:10,2025-07-27,2025-08-25
Banco de Occidente,Banco de Occidente,es,Huffingtonpost.es,¿Quién sucederá a Putin? Todos los nombres de la nueva generación en Rusia,Carmen Rengel,"<![CDATA[<p>El presidente de Rusia, Vladimir Putin, está iniciando un relevo generacional en el liderazgo ruso. Durante su actual mandato, renovado con unas elecciones-rodillo en marzo del año pasado, se planea retirar a algunos de sus aliados más influyentes…",https://www.huffingtonpost.es/global/quien-sucedera-putin-todos-nombres-nueva-generacion-rusia.html,https://img.huffingtonpost.es/files/og_thumbnail/files/fp/uploads/2025/07/24/el-presidente-ruso-vladimir-putin-durante-una-reunion-en-el-palacio-konstantin-de-strelna-san-petersburgo-el-6-de-junio-de-2024.r_d.456-345-0.jpeg,"El presidente de Rusia, Vladimir Putin, está iniciando un relevo generacional en el liderazgo ruso. Durante su actual mandato, renovado con unas elecciones-rodillo en marzo del año pasado, se planea … [+33344 chars]",2025-08-03T18:55:46,2025-07-27,2025-08-25
Banco de Occidente,Banco de Occidente,es,Elespanol.com,"Rafael Correa: ""Si un presidente traiciona su programa y engaña a la gente, debe poder iniciarse un proceso de destitución""",Daniel Ramírez,"""Ganar mintiendo no es democracia. Robar la verdad también es un fraude"".
""Reto a quienes me llaman corrupto a que nos pongamos ante un detector de mentiras. Quien no lo pase, se pega un tiro"".
""¿Desde cuándo la alternancia es un fin en sí mismo? Ojalá haya u…",https://www.elespanol.com/espana/politica/20250803/rafael-correa-presidente-traiciona-programa-engana-gente-debe-poder-iniciarse-proceso-destitucion/1003743857487_0.html,https://s1.elespanol.com/2025/07/22/actualidad/1003743857491_257461698_1706x1280.jpg,"Hemos venido a ver a Dios y al Demonio, que nacieron en Guayaquil, año 1963. Se lo preguntamos directamente cuando se aparece en la puerta de este hotel, que está frente a una iglesia gótica de esas … [+54454 chars]",2025-08-03T01:04:44,2025-07-27,2025-08-25
Banco de Occidente,Banco de Occidente,es,La Nacion,Las tres debilidades de Rusia que asoman mientras se ensaña con Ucrania,LA NACION,"En los primeros dos años de la guerra la economía creció por los gastos de defensa, pero luego cayó la venta de hidrocarburos y la inflación se dispara",https://www.lanacion.com.ar/el-mundo/las-tres-tres-debilidades-de-rusia-que-asoman-mientras-se-ensana-con-ucrania-nid02082025/,https://resizer.glanacion.com/resizer/v2/putin-este-viernes-con-su-aliado-mas-fiel-el-3BFQOQINAJC5ZLMKTCOLWOQ4M4.JPG?auth=ef1e83f09bca29313620929f0c30949251ad724e2b2da0b2a461f36f56d00beb&width=1200&quality=70&smart=false&height=800,"PARÍS.- Recesión económica, retroceso geopolítico, pérdida de aliados La guerra de Ucrania, que se suponía reafirmaría el poder de Vladimir Putin, reveló sobre todo sus debilidades. En casi cuatro añ… [+9884 chars]",2025-08-02T20:41:52,2025-07-27,2025-08-25
Bancolombia,Bancolombia,es,Www.abc.es,La conquista americana de Cox en seis meses,(abc),"El grupo Cox, que acaba de anunciar la compra del negocio de Iberdrola en México por un montante de 3.700 millones de euros, ha protagonizado en sólo seis meses una conquista de Iberoamérica sin precedentes. La firma, que recientemente trasladó su sede social…",https://www.abc.es/sevilla/economia/conquista-americana-cox-seis-meses-20250802070554-nts.html,https://s3.abcstatics.com/abc/www/multimedia/sevilla/2025/08/02/riquelme-U44333214276LfR-1024x512@diario_abc.jpg,"El grupo Cox, que acaba de anunciar la compra del negocio de Iberdrola en México por un montante de 3.700 millones de euros, ha protagonizado en sólo seis meses una conquista de Iberoamérica sin prec… [+2862 chars]",2025-08-02T05:05:54,2025-07-27,2025-08-25
Banco de Occidente,Banco de Occidente,es,Elespanol.com,Putin celebra con Lukashenko la llegada de nuevas armas nucleares y se aleja aún más de negociar la paz con Ucrania,J.A.,"El presidente ruso ha evitado hablar del ultimátum de diez días que le ha dado Donald Trump para detener la guerra.
Más información: La semana negra de Zelenski: cómo usó la guerra para su deriva autoritaria y chocó con su pueblo en el intento",https://www.elespanol.com/edicion/20250801/putin-celebra-lukashenko-llegada-nuevas-armas-nucleares-aleja-negociar-paz-ucrania/1003743872334_16.html,https://s1.elespanol.com/2025/08/01/actualidad/1003743872151_257728798_1706x1154.jpg,"El presidente ruso, Vladímir Putin, rompió el viernes su silencio y después de casi tres semanas de espera habló sobre las negociaciones de paz con Ucrania, pero ignoró el ultimátum de diez días que … [+4991 chars]",2025-08-01T19:56:56,2025-07-27,2025-08-25
Banco de Occidente,Banco de Occidente,es,Elespanol.com,Putin celebra con Lukashenko la llegada de nuevas armas nucleares y se aleja aún más de negociar la paz con Ucrania,J.A.,"El presidente ruso ha evitado hablar del ultimátum de diez días que le ha dado Donald Trump para detener la guerra.
Más información: La semana negra de Zelenski: cómo usó la guerra para su deriva autoritaria y chocó con su pueblo en el intento",https://www.elespanol.com/mundo/europa/20250801/putin-celebra-lukashenko-llegada-nuevas-armas-nucleares-aleja-negociar-paz-ucrania/1003743872126_0.html,https://s1.elespanol.com/2025/08/01/actualidad/1003743872151_257728798_1706x1154.jpg,"El presidente ruso, Vladímir Putin, rompió el viernes su silencio y después de casi tres semanas de espera habló sobre las negociaciones de paz con Ucrania, pero ignoró el ultimátum de diez días que … [+4991 chars]",2025-08-01T18:51:16,2025-07-27,2025-08-25
Banco de Occidente,Banco de Occidente,es,Forbes.com.mx,"Putin rompe su silencio, pero ignora el ultimátum de Trump",Forbes Staff,"Forbes México.
 Putin rompe su silencio, pero ignora el ultimátum de Trump

Putin hizo estas declaraciones aprovechando la visita de uno de los principales aliados en Ucrania, el presidente bielorruso, Alexandr Lukashenko, que aconsejó a Trump 'andarse con pi…",https://forbes.com.mx/putin-rompe-su-silencio-pero-ignora-el-ultimatum-de-trump/,https://cdn.forbes.com.mx/2025/05/putin.webp,"El presidente ruso, Vladímir Putin, rompió este viernes su silencio y después de casi tres semanas de espera habló sobre las negociaciones de paz con Ucrania, pero ignoró el ultimátum de diez días qu… [+4708 chars]",2025-08-01T16:57:13,2025-07-27,2025-08-25
Bancolombia,Bancolombia,es,Cointelegraph,Referente de MEXC afirma que han crecido usuarios cripto entre los millennials y la generación Z en Latam,Cointelegraph en Español,"¿Cuánto ha crecido el uso de criptomonedas en Latinoamérica? ¿En qué países se nota mayor crecimiento en la región? Sobre esos y otros temas, conversamos con Kristopher Panana, gerente de Eventos Presenciales de MEXC para Latinoamérica.
 ¿Cuánto ha crecido el…",https://es.cointelegraph.com/news/referente-de-mexc-afirma-que-han-crecido-usuarios-cripto-entre-los-millennials-y-la-generacion-z-en-latam,"https://images.cointelegraph.com/cdn-cgi/image/format=auto,onerror=redirect,quality=90,width=1200/https://s3.cointelegraph.com/uploads/2025-07/019860bb-ad4c-79bf-82e7-10f2797eaee6","¿Cuánto ha crecido el uso de criptomonedas en Latinoamérica? ¿En qué países se nota mayor crecimiento en la región? Sobre esos y otros temas, conversamos con Kristopher Panana, gerente de Eventos Pre… [+7860 chars]",2025-07-31T13:56:05,2025-07-27,2025-08-25
DAVIVIENDA,DAVIVIENDA,es,Www.df.cl,BlackRock refuerza sus operaciones en América Latina: Chile está entre los objetivos de crecimiento,Bloomberg,"""Las asociaciones o colaboraciones entre el sector público y el privado impulsarán gran parte de las inversiones”, dijo Aitor Jauregui, director regional de BlackRock.",https://www.df.cl/mercados/fondos-de-inversion/blackrock-refuerza-sus-operaciones-en-america-latina-chile-esta-entre-los,https://www.df.cl/noticias/site/artic/20250731/imag/foto_0000000320250731081146/BlackRock_BBG.jpg,"BlackRock Inc., la mayor gestora de activos del mundo, planea seguir expandiéndose en Latinoamérica. La empresa asegura que las tres adquisiciones realizadas en los últimos doce meses ayudarán a impu… [+5400 chars]",2025-07-31T12:20:00,2025-07-27,2025-08-25
Banco de Occidente,Banco de Occidente,es,Eleconomista.es,La banca de inversión en España hunde sus ingresos en M&A a mínimos desde 2012,Matteo Allievi,"Una fuerte tormenta azota las carteras de la banca de inversión. La persistente incertidumbre geopolítica y el tira y afloja de Donald Trump en su guerra comercial llenan el horizonte de nubarrones y hacen que los inversores muevan ficha con extrema cautela, …",https://www.eleconomista.es/banca-finanzas/noticias/13487039/07/25/la-banca-de-inversion-en-espana-hunde-sus-ingresos-en-ma-a-minimos-desde-2012.html,https://s03.s3c.es/imag/_v0/1200x655/b/c/4/dinero-euros-billetes-ahorro-depositos-dreamstime.jpg,Una fuerte tormenta azota las carteras de la banca de inversión. La persistente incertidumbre geopolítica y el tira y afloja de Donald Trump en su guerra comercial llenan el horizonte de nubarrones y… [+4728 chars],2025-07-30T21:29:16,2025-07-27,2025-08-25
Banco de Occidente,Banco de Occidente,es,Republica.com,Sanciones a Rusia amenazan al agro latinoamericano,Natalie Chang,"La amenaza de Donald Trump de imponer aranceles secundarios de hasta el 100 % a los países que mantengan relaciones comerciales con Rusia, marca una escalada dramática en el frente económico del conflicto.		En el centro de esta posible crisis se encuentra un …",https://republica.com/politica/sanciones-a-rusia-amenazan-al-agro-latinoamericano-202573014400,https://cdn.republica.com/072025/1753908228970.jpg?&cw=600&ch=365,"La amenaza de Donald Trump de imponer aranceles secundarios de hasta el 100 % a los países que mantengan relaciones comerciales con Rusia, marca una escalada dramática en el frente económico del conf… [+4472 chars]",2025-07-30T20:40:00,2025-07-27,2025-08-25
Banco de Bogotá,Banco de Bogotá,es,Xataka.com.co,¿Una iniciativa en crisis? La realidad sobre el Sistema de Bicicletas Compartidas de Bogotá y cómo puedes seguir usándolo,Jimmy Pepinosa,"Bogotá sueña con convertirse en la capital de la bicicleta en América Latina, y con más de 4 millones de viajes registrados desde su implementación, el Sistema de Bicicletas Compartidas, operado por la empresa Tembici, en números parece avanzar con buen ritmo…",https://www.xataka.com.co/servicios/iniciativa-crisis-realidad-sistema-bicicletas-compartidas-bogota-como-puedes-seguir-usandolo,https://i.blogs.es/08bb5d/bicicletas-bogota-5-/840_560.jpeg,"Bogotá sueña con convertirse en la capital de la bicicleta en América Latina, y con más de 4 millones de viajes registrados desde su implementación, el Sistema de Bicicletas Compartidas, operado por … [+4103 chars]",2025-07-30T20:19:32,2025-07-27,2025-08-25
ECOPETROL,ECOPETROL,es,Elespectador.com,La alerta de Funprodeco por supuesta campaña mediática contra Ecopetrol,Sevillano,"La Fundación para la Promoción y Defensa de los Derechos Colectivos (Funprodeco) lanzó un llamado urgente a la opinión pública, los entes de control y la justicia colombiana para evitar que posibles intereses particulares utilicen mecanismos institucionales c…",https://blogs.elespectador.com/oscar-sevillano/la-alerta-de-funprodeco-por-supuesta-campana-mediatica-contra-ecopetrol/,https://blogsnew.s3.amazonaws.com/wp-content/uploads/2025/07/30125211/descarga-4.jpeg,"La Fundación para la Promoción y Defensa de los Derechos Colectivos (Funprodeco) lanzó un llamado urgente a la opinión pública, los entes de control y la justicia colombiana para evitar que posibles … [+4329 chars]",2025-07-30T17:53:24,2025-07-27,2025-08-25
Banco de Occidente,Banco de Occidente,es,Trendencias.com,"400 caballos, motor V8 y 260 kilos: la impresionante moto con alma de Ferrari lleva una de sus más potentes máquinas a un fascinante vehículo de dos ruedas",Joel Calata,"Imagina tomar el mítico motor V8 de un Ferrari F355 y convertirlo en una moto: ese es el punto de partida del proyecto HF355, un ejercicio de ingeniería radical y diseño artesanal con 400 CV y aproximadamente 260 kg que no deja lugar a dudas sobre su singular…",https://www.trendencias.com/hombres/400-caballos-motor-v8-260-kilos-impresionante-moto-alma-ferrari-lleva-sus-potentes-maquinas-a-fascinante-vehiculo-dos-ruedas,https://i.blogs.es/5da914/514318399_18507861625030685_9090582555483064429_n/840_560.jpeg,"Imagina tomar el mítico motor V8 de un Ferrari F355 y convertirlo en una moto: ese es el punto de partida del proyecto HF355, un ejercicio de ingeniería radical y diseño artesanal con 400CV y aproxim… [+3167 chars]",2025-07-30T12:00:38,2025-07-27,2025-08-25
Banco de Bogotá,Banco de Bogotá,es,Montevideo.com.uy,Juan Pablo Loureiro asume la presidencia de Seguros SURA Uruguay,Montevideo Portal,"Con foco en innovación, cercanía y expansión, la compañía inicia una nueva etapa fortaleciendo el talento humano y la diversificación.",https://www.montevideo.com.uy/Negocios-y-Tendencias/Juan-Pablo-Loureiro-asume-la-presidencia-de-Seguros-SURA-Uruguay-uc931425,https://imagenes.montevideo.com.uy/imgnoticias/202507/_W933_80/926932.jpg,"Seguros SURA Uruguay anunció la designación de Juan Pablo Loureiro como nuevo presidente de la compañía, luego de la reciente aprobación del Banco Central del Uruguay (BCU). Su nombramiento marca el … [+3301 chars]",2025-07-30T11:00:00,2025-07-27,2025-08-25
Banco de Occidente,Banco de Occidente,es,Xataka.com,Un país a 3.000 metros de altura ha logrado el milagro que anhela Occidente: vender casi únicamente coches eléctricos,Miguel Jorge,"Un vistazo a las diez marcas de coches eléctricos más vendidas del mundo arroja una demoledora conclusión: China no tiene rival. Sin embargo, si tuviéramos que hacer una lista de los países donde la adopción de los vehículos “eléctricos” ha sido un absoluto é…",https://www.xataka.com/movilidad/pais-a-3-000-metros-altura-ha-logrado-milagro-que-persigue-eeuu-europa-vender-casi-unicamente-coches-electricos,https://i.blogs.es/1db20e/car_on_road_to_muktinath_-_annapurna_circuit-_nepal_-_panoramio/840_560.jpeg,"Un vistazo a las diez marcas de coches eléctricos más vendidas del mundo arroja una demoledora conclusión: China no tiene rival. Sin embargo, si tuviéramos que hacer una lista de los países donde la … [+5911 chars]",2025-07-30T08:00:38,2025-07-27,2025-08-25
Banco de Occidente,Banco de Occidente,es,El Mundo,"Las víctimas de Paco El Bueno, el agente de seguros al que acusan de estafar 300 millones de euros: policías, abogados, inversores, ganadores de juegos de azar...",Ángeles Escrivá,"El juzgado número 3 de Vélez Málaga investiga las operaciones de Francisco Gutiérrez Ortega quien fue detenido ayer en Logroño. Occident también ha denunciado a su ex agente y ha finalizado su relación mercantil con él. La Policía tuvo que recibir por turnos,…",https://www.elmundo.es/cronica/2025/07/30/68892284e85ece40188b4598.html,https://phantom-elmundo.uecdn.es/700f51a8ae344806d9489251ccd19563/resize/1200/f/webp/assets/multimedia/imagenes/2025/07/29/17538177895953.jpg,R. se asomó al abismo tras un comentario con una amiga que le mostró sus mejores intenciones. Acababa de cobrar una herencia por valor de 500.000 euros y no sabía cuál era el mejor modo de invertirlo… [+6218 chars],2025-07-29T22:01:49,2025-07-27,2025-08-25
Grupo Energía de Bogotá,Grupo Energía de Bogotá,es,Nacion.com,Hígado graso: cuánta agua tomar y cómo la hidratación mejora esta condición,El Tiempo Colombia,Descubra cuánta agua debe beber al día una persona con hígado graso y cómo la hidratación mejora esta enfermedad silenciosa y progresiva.,https://www.nacion.com/ciencia/salud/higado-graso-cuanta-agua-tomar-y-como-la/SHJR4DFYYNAPXHCT5GQAESQDUU/story/,https://www.nacion.com/resizer/v2/6TOYET3FV5AVTEW5XMRJMW5LLA.png?smart=true&auth=248c0e7063fde50f7001630887989b8735b5e1cef6cf32ad5dc8c900e45705a0&width=1440,"El hígado graso metabólico, o esteatosis hepática, se presenta cuando este órgano acumula grasa en exceso. Esta condición se asocia con el sobrepeso, la obesidad y la diabetes tipo 2.
De acuerdo con… [+2025 chars]",2025-07-29T17:00:02,2025-07-27,2025-08-25
Banco de Occidente,Banco de Occidente,es,El Mundo,Paco El Bueno y su presunta estafa piramidal a 200 víctimas por 300 millones de euros,Ángeles Escrivá,"Ha sido detenido este martes en Logroño por la Policía. Desde su sede en Vélez Málaga, el que fuera agente de Occident y su esposa, agente de Alliance, engañaron a todo tipo de personas por toda España Leer",https://www.elmundo.es/cronica/2025/07/29/6888a206fdddff6e3b8b4587.html,https://phantom-elmundo.uecdn.es/479e96814e0a841a5ed28e4913093f61/resize/1200/f/webp/assets/multimedia/imagenes/2025/07/29/17537849856475.jpg,Paco El Bueno se hizo famoso por hacer florecer la economía de todo aquel que se le acercase. Pequeños inversores que habían puesto en sus manos unos cuantos miles de euros vieron cómo estos aumentab… [+3864 chars],2025-07-29T12:12:14,2025-07-27,2025-08-25
Banco de Bogotá,Banco de Bogotá,es,Huffingtonpost.es,"El expresidente de Colombia, Álvaro Uribe, condenado por sobornar a testigos y fraude procesal",Redacción HuffPost,"<![CDATA[<p>El expresidente de Colombia y jefe del partido opositor Centro Democrático, Álvaro Uribe Vélez, se convirtió este lunes en el primer exmandatario del país que un tribunal penal declara culpable. La jueza 44 Penal del Circuito de Bogotá, Sandra Her…",https://www.huffingtonpost.es/global/el-expresidente-colombia-alvaro-uribe-condenado-sobornar-testigos-fraude-procesalbr.html,https://img.huffingtonpost.es/files/og_thumbnail/uploads/2025/07/29/seguidores-del-expresidente-colombiano-alvaro-uribe-durante-la-lectura-del-fallo.jpeg,"El expresidente de Colombia y jefe del partido opositor Centro Democrático, Álvaro Uribe Vélez, se convirtió este lunes en el primer exmandatario del país que un tribunal penal declara culpable. La j… [+6149 chars]",2025-07-29T03:21:42,2025-07-27,2025-08-25
Banco de Bogotá,Banco de Bogotá,es,Elespanol.com,"El expresidente colombiano, Álvaro Uribe, declarado culpable de abuso procesal, soborno a testigos y cohecho",C. G.,"Se espera que la jueza dicte sentencia en una audiencia posterior, pero cada cargo imputado conlleva una pena de prisión de entre seis y doce años.
Más información: La Comisión legislativa de Colombia investiga a Gustavo Petro por un presunto problema de adic…",https://www.elespanol.com/mundo/america/20250729/expresidente-colombiano-alvaro-uribe-declarado-culpable-abuso-procesal-soborno-testigos/1003743866344_0.html,https://s1.elespanol.com/2025/07/29/actualidad/1003743866345_257624633_1706x960.jpg,"Una jueza declaró este lunes culpable al expresidente colombiano Álvaro Uribe de abuso procesal y soborno a funcionario público en un caso de manipulación de testigos que lleva años en curso, convirt… [+4531 chars]",2025-07-29T00:44:35,2025-07-27,2025-08-25
Banco de Occidente,Banco de Occidente,es,Eldiario.es,El gran engaño: cuando el obrero confunde el saldo de su cuenta con su lugar en la sociedad,Antonio González Cabrera,"Recuerdo una escena de cuando ejercía cómo alcalde, que empezó a ser común más que frecuente a finales del pasado siglo XX. Era ver como un trabajador de cualquier pueblo de España, alguien que llevaba años soportando jefes o patrones despóticos, horarios ete…",https://www.eldiario.es/opinionsocios/gran-engano-obrero-confunde-saldo-cuenta-lugar-sociedad_132_12495938.html,https://www.eldiario.es/assets/img/rrss/eldiario-default.h-8633d25f56f34d31ef33e613af8f4c70.png,"Recuerdo una escena de cuando ejercía cómo alcalde, que empezó a ser común más que frecuente a finales del pasado siglo XX. Era ver como un trabajador de cualquier pueblo de España, alguien que lleva… [+4074 chars]",2025-07-28T08:03:24,2025-07-27,2025-08-25
DAVIVIENDA,DAVIVIENDA,es,Nacion.com,"Esto vislumbra Federico Odio, del gerente del BAC, para el tipo de cambio, las tasas de interés y el crecimiento de la economía",Mónica Cerdas Gómez,"Federico Odio, presidente del BAC, también habló con ‘La Nación’ sobre lo que vislumbran para la economía nacional para el resto del año y al proceso de fusión entre Davivienda y Scotiabank.",https://www.nacion.com/economia/esto-vislumbra-federico-odio-del-gerente-del-bac/H4DOIKOSTNGCBOPDYX7D2JZ2AE/story/,https://www.nacion.com/resizer/v2/3DRQJLLL7JDXVBMGXOMC3BWNQ4.jpeg?smart=true&auth=e861cebe3649e336207466dfb9966300fa0be453c152fb5737429a741989c4fb&width=1440,"Federico Odio, presidente ejecutivo del BAC Credomatic, estima que el comportamiento del tipo de cambio se mantendría estable, similar a lo observado en los últimos meses.Odio habló con La Nación el … [+5242 chars]",2025-07-27T20:42:06,2025-07-27,2025-08-25
Banco de Occidente,Banco de Occidente,es,Excelsior.com.mx,"Labubus: no son para niños, así detectas los falsos y esto es lo que los hace tan deseables",vanessa.lozano,"VANESSA ARTEAGA / DPA
¿Qué tiene ojos saltones, orejas de conejo, una sonrisa maliciosa y dientes afilados? Los irresistibles juguetes Labubus, feos, pero adorables, que la gente parece querer en todo el mundo.

Llevan mucho tiempo siendo un éxito en China,…",https://www.excelsior.com.mx/funcion/labubus-no-son-para-ninos-asi-detectas-los-falsos-y-esto-es-lo-que-los-hace-tan-deseables,https://www.excelsior.com.mx/media/pictures/2025/07/27/3349096.jpg,"¿Qué tiene ojos saltones, orejas de conejo, una sonrisa maliciosa y dientes afilados? Los irresistibles juguetes Labubus, feos, pero adorables, que la gente parece querer en todo el mundo.
Llevan mu… [+6581 chars]",2025-07-27T10:34:48,2025-07-27,2025-08-25
Banco de Bogotá,Banco de Bogotá,es,Milenio,Sargazo y transición energética debe atenderse en alianza con gobierno y empresas: CAF,Fernanda Murillo,"La crisis de sargazo que está impactando las costas del Caribe mexicano, junto con los procesos para realizar una transición energética ordenada, deben ser atendidos por el gobierno de México junto con la iniciativa privada, no por separado, expuso Christian …",https://www.milenio.com/negocios/caf-destaca-alianza-publico-privada-para-sargazo-y-energia,https://cdn.milenio.com/uploads/media/2025/07/25/caf-destina-mdd-proyectos-clave.jpeg,"La crisis de sargazo que está impactando las costas del Caribe mexicano, junto con los procesos para realizar una transición energética ordenada, deben ser atendidos por el gobierno de México junto c… [+5518 chars]",2025-07-27T05:10:01,2025-07-27,2025-08-25
